graph_index,terms_index,terms,topic,freq
0,8,"model, precipit, data, flood, climat, rainfal, studi, region, event, chang, valu, period, variabl, observ, time, hydrolog, basin, estim, catchment, year, area, differ, result, streamflow, drought, base, increas, spatial, show, trend, runoff, method, distribut, mean, annual, month, flow, station, river, scale, indic, signific, temperatur, high, simul, relat, analysi, perform, gaug, season, paramet, seri, water, averag, correl, compar, regress, approach, daili, watersh, condit, statist, extrem, dataset, similar, locat, impact, product, tabl, rang, grid, consid, effect, provid, calibr, relationship, respect, avail, repres, peak, level, number, includ, larg, factor, decreas, assess, tempor, rain, present, evalu, term, pattern, process, select, calcul, addit, uncertainti, influenc, index, higher, bias, characterist, futur, global, variat, import, follow, resolut, total, develop, obtain, inform, land, predict, error, intens, main, general, valid, discharg, record, contribut, probabl, identifi, lower, respons, scenario, appli, generat, combin, coeffici, test, correct, threshold, long, frequenc, project, meteorolog, maximum, function, occur, soil, measur, consist, durat, cover, point, elev, improv, radar, give, investig, surfac, linear, attribut, snow, associ, summer, potenti, classif, depend, case, limit, deriv, posit, type, vari, satellit, negat, refer, research, china, correspond, specif, downscal, standard, swat, compon, inund, affect, section, previous, suggest, better, state, lead, day, baseflow, magnitud, occurr, dynam, class, histor, sever, moistur, larger, winter, exampl, determin",Hydrological modeling for flood estimation; spatial analysis on rainfall variability,"0.013, 0.012, 0.011, 0.010, 0.009, 0.009, 0.009, 0.008, 0.007, 0.007, 0.007, 0.007, 0.007, 0.007, 0.006, 0.006, 0.006, 0.006, 0.006, 0.006, 0.006, 0.006, 0.006, 0.006, 0.005, 0.005, 0.005, 0.005, 0.005, 0.005, 0.005, 0.005, 0.005, 0.004, 0.004, 0.004, 0.004, 0.004, 0.004, 0.004, 0.004, 0.004, 0.004, 0.004, 0.004, 0.004, 0.004, 0.004, 0.003, 0.003, 0.003, 0.003, 0.003, 0.003, 0.003, 0.003, 0.003, 0.003, 0.003, 0.003, 0.003, 0.003, 0.003, 0.003, 0.003, 0.003, 0.003, 0.002, 0.002, 0.002, 0.002, 0.002, 0.002, 0.002, 0.002, 0.002, 0.002, 0.002, 0.002, 0.002, 0.002, 0.002, 0.002, 0.002, 0.002, 0.002, 0.002, 0.002, 0.002, 0.002, 0.002, 0.002, 0.002, 0.002, 0.002, 0.002, 0.002, 0.002, 0.002, 0.002, 0.002, 0.002, 0.002, 0.002, 0.002, 0.002, 0.002, 0.002, 0.002, 0.002, 0.002, 0.002, 0.002, 0.002, 0.002, 0.002, 0.002, 0.002, 0.002, 0.002, 0.002, 0.002, 0.002, 0.002, 0.002, 0.002, 0.002, 0.002, 0.002, 0.002, 0.002, 0.002, 0.002, 0.002, 0.002, 0.002, 0.002, 0.002, 0.002, 0.002, 0.002, 0.001, 0.001, 0.001, 0.001, 0.001, 0.001, 0.001, 0.001, 0.001, 0.001, 0.001, 0.001, 0.001, 0.001, 0.001, 0.001, 0.001, 0.001, 0.001, 0.001, 0.001, 0.001, 0.001, 0.001, 0.001, 0.001, 0.001, 0.001, 0.001, 0.001, 0.001, 0.001, 0.001, 0.001, 0.001, 0.001, 0.001, 0.001, 0.001, 0.001, 0.001, 0.001, 0.001, 0.001, 0.001, 0.001, 0.001, 0.001, 0.001, 0.001, 0.001, 0.001, 0.001, 0.001, 0.001, 0.001, 0.001, 0.001, 0.001"
1,17,"model, method, paramet, data, valu, base, result, time, simul, function, optim, predict, differ, algorithm, ship, perform, number, uncertainti, sampl, case, estim, show, process, error, control, input, network, distribut, studi, point, propos, follow, analysi, condit, approach, consid, variabl, design, effect, obtain, test, problem, train, measur, comput, output, calcul, state, section, relat, repres, step, mean, structur, present, order, sensit, high, generat, appli, give, observ, indic, select, develop, evalu, respect, compar, direct, dynam, object, tabl, provid, inform, factor, determin, solut, requir, defin, includ, learn, space, field, linear, coeffici, probabl, rang, applic, random, oper, posit, effici, locat, accuraci, weight, speed, layer, term, size, improv, combin, numer, regress, level, paper, equat, general, complex, respons, vector, work, increas, correspond, surrog, valid, addit, initi, research, accord, larg, scenario, total, exampl, cost, matrix, depend, approxim, neural, type, chang, identifi, current, refer, main, import, maximum, similar, assess, reduc, experi, signific, limit, water, dimension, flow, calibr, distanc, techniqu, specif, domain, decis, second, need, statist, describ, possibl, avoid, real, final, conduct, assum, form, dataset, normal, veloc, area, rate, standard, iter, construct, discuss, framework, interv, assumpt, search, fit, physic, featur, solv, influenc, rule, take, path, small, converg, compon, know, sourc, set, relationship, scale, bayesian, correl, implement, varianc, line, accur, trajectori, local, vessel",Simulation-Based Analysis; Uncertainty and Error Estimation,"0.027, 0.011, 0.011, 0.009, 0.008, 0.007, 0.007, 0.007, 0.007, 0.007, 0.006, 0.005, 0.005, 0.005, 0.005, 0.005, 0.005, 0.005, 0.005, 0.004, 0.004, 0.004, 0.004, 0.004, 0.004, 0.004, 0.004, 0.004, 0.004, 0.004, 0.004, 0.004, 0.004, 0.004, 0.004, 0.004, 0.004, 0.003, 0.003, 0.003, 0.003, 0.003, 0.003, 0.003, 0.003, 0.003, 0.003, 0.003, 0.003, 0.003, 0.003, 0.003, 0.003, 0.003, 0.003, 0.003, 0.003, 0.003, 0.003, 0.003, 0.003, 0.003, 0.002, 0.002, 0.002, 0.002, 0.002, 0.002, 0.002, 0.002, 0.002, 0.002, 0.002, 0.002, 0.002, 0.002, 0.002, 0.002, 0.002, 0.002, 0.002, 0.002, 0.002, 0.002, 0.002, 0.002, 0.002, 0.002, 0.002, 0.002, 0.002, 0.002, 0.002, 0.002, 0.002, 0.002, 0.002, 0.002, 0.002, 0.002, 0.002, 0.002, 0.002, 0.002, 0.002, 0.002, 0.002, 0.002, 0.002, 0.002, 0.002, 0.002, 0.002, 0.002, 0.002, 0.002, 0.002, 0.002, 0.002, 0.002, 0.002, 0.002, 0.002, 0.002, 0.002, 0.002, 0.002, 0.002, 0.002, 0.002, 0.002, 0.002, 0.002, 0.002, 0.001, 0.001, 0.001, 0.001, 0.001, 0.001, 0.001, 0.001, 0.001, 0.001, 0.001, 0.001, 0.001, 0.001, 0.001, 0.001, 0.001, 0.001, 0.001, 0.001, 0.001, 0.001, 0.001, 0.001, 0.001, 0.001, 0.001, 0.001, 0.001, 0.001, 0.001, 0.001, 0.001, 0.001, 0.001, 0.001, 0.001, 0.001, 0.001, 0.001, 0.001, 0.001, 0.001, 0.001, 0.001, 0.001, 0.001, 0.001, 0.001, 0.001, 0.001, 0.001, 0.001, 0.001, 0.001, 0.001, 0.001, 0.001, 0.001, 0.001, 0.001, 0.001, 0.001, 0.001, 0.001, 0.001"
2,18,"model, predict, data, perform, forecast, valu, time, input, variabl, train, base, studi, method, result, learn, error, network, accuraci, differ, algorithm, select, observ, show, layer, seri, test, number, improv, paramet, machin, estim, process, lstm, compar, rmse, station, function, dataset, valid, output, mean, ensembl, neural, featur, respect, best, develop, regress, tabl, better, evalu, optim, combin, predictor, propos, approach, appli, term, linear, water, level, indic, step, inform, includ, provid, random, tree, high, averag, obtain, consid, follow, temperatur, import, statist, techniqu, relat, daili, weight, hide, correl, lead, month, present, case, measur, general, accur, wavelet, sampl, hybrid, transform, coeffici, period, simul, addit, effect, similar, vector, bias, repres, neuron, applic, rang, calibr, generat, hydrolog, meteorolog, section, research, problem, streamflow, signific, uncertainti, metric, calcul, increas, comput, squar, origin, determin, distribut, structur, drive, give, higher, previous, scale, locat, comparison, long, complex, analysi, anfi, artifici, river, target, point, singl, final, set, deep, accord, tempor, hour, requir, achiev, climat, qualiti, abil, effici, depend, reduc, region, flow, decomposit, order, assess, nonlinear, physic, maximum, equat, avail, day, compon, reliabl, season, support, limit, use, condit, produc, work, fit, cross, good, short, oper, larg, paper, state, signal, standard, consist, futur, year, refer, relationship, lower, residu, multipl, employ, empir, demonstr, area, scenario, multi, outperform, main",Data driven modelling and prediction using machine learning; forecasting performance through algorithmic optimization,"0.057, 0.021, 0.019, 0.013, 0.013, 0.010, 0.010, 0.009, 0.009, 0.009, 0.009, 0.008, 0.008, 0.008, 0.007, 0.006, 0.005, 0.005, 0.005, 0.005, 0.005, 0.005, 0.005, 0.005, 0.004, 0.004, 0.004, 0.004, 0.004, 0.004, 0.004, 0.004, 0.004, 0.004, 0.004, 0.004, 0.004, 0.004, 0.004, 0.004, 0.004, 0.004, 0.004, 0.004, 0.003, 0.003, 0.003, 0.003, 0.003, 0.003, 0.003, 0.003, 0.003, 0.003, 0.003, 0.003, 0.003, 0.003, 0.003, 0.003, 0.003, 0.003, 0.003, 0.003, 0.003, 0.003, 0.003, 0.003, 0.003, 0.003, 0.003, 0.002, 0.002, 0.002, 0.002, 0.002, 0.002, 0.002, 0.002, 0.002, 0.002, 0.002, 0.002, 0.002, 0.002, 0.002, 0.002, 0.002, 0.002, 0.002, 0.002, 0.002, 0.002, 0.002, 0.002, 0.002, 0.002, 0.002, 0.002, 0.002, 0.002, 0.002, 0.002, 0.002, 0.002, 0.002, 0.002, 0.002, 0.002, 0.002, 0.002, 0.002, 0.002, 0.002, 0.002, 0.002, 0.002, 0.002, 0.002, 0.002, 0.001, 0.001, 0.001, 0.001, 0.001, 0.001, 0.001, 0.001, 0.001, 0.001, 0.001, 0.001, 0.001, 0.001, 0.001, 0.001, 0.001, 0.001, 0.001, 0.001, 0.001, 0.001, 0.001, 0.001, 0.001, 0.001, 0.001, 0.001, 0.001, 0.001, 0.001, 0.001, 0.001, 0.001, 0.001, 0.001, 0.001, 0.001, 0.001, 0.001, 0.001, 0.001, 0.001, 0.001, 0.001, 0.001, 0.001, 0.001, 0.001, 0.001, 0.001, 0.001, 0.001, 0.001, 0.001, 0.001, 0.001, 0.001, 0.001, 0.001, 0.001, 0.001, 0.001, 0.001, 0.001, 0.001, 0.001, 0.001, 0.001, 0.001, 0.001, 0.001, 0.001, 0.001, 0.001, 0.001, 0.001, 0.001, 0.001, 0.001"
3,2,"water, groundwat, lake, studi, area, river, concentr, level, qualiti, data, increas, aquif, sampl, valu, model, chang, high, surfac, result, variabl, season, period, tabl, year, analysi, show, indic, signific, estim, sourc, total, region, differ, nutrient, time, relat, factor, flow, averag, well, reservoir, monitor, measur, load, temperatur, observ, higher, variat, relationship, import, depth, respect, influenc, zone, mean, effect, base, discharg, recharg, condit, includ, spatial, correl, limit, salin, manag, locat, regress, develop, main, decreas, pollut, rang, month, lower, wetland, annual, basin, impact, process, resourc, method, paramet, calcul, larg, contribut, activ, potenti, assess, agricultur, land, emiss, natur, pump, provid, term, determin, distribut, storag, compar, report, major, trend, avail, affect, occur, addit, consid, repres, statist, ratio, follow, nitrat, type, conduct, sit, collect, nitrogen, general, pattern, environment, suppli, control, volum, hydrolog, ecosystem, shallow, like, rate, domin, reduc, urban, suggest, identifi, state, present, bodi, associ, caus, long, similar, point, phosphorus, climat, scale, product, spring, posit, human, supplementari, dissolv, bloom, respons, china, irrig, number, research, ecolog, geolog, evalu, tempor, previous, phytoplankton, index, watersh, vari, site, demand, system, summer, test, account, consist, exceed, cluster, direct, accord, rat, sediment, depend, specif, coeffici, compon, input, linear, characterist, understand, algal, carbon, elev, anthropogen, negat, drink, coastal, stream, predict, strong, greater, unit, reduct",Groundwater and surface water quality analysis; temporal variability and seasonal trends in water quality,"0.045, 0.017, 0.013, 0.009, 0.009, 0.009, 0.009, 0.009, 0.007, 0.006, 0.006, 0.006, 0.005, 0.005, 0.005, 0.005, 0.005, 0.005, 0.004, 0.004, 0.004, 0.004, 0.004, 0.004, 0.004, 0.004, 0.004, 0.004, 0.004, 0.004, 0.003, 0.003, 0.003, 0.003, 0.003, 0.003, 0.003, 0.003, 0.003, 0.003, 0.003, 0.003, 0.003, 0.003, 0.003, 0.003, 0.003, 0.003, 0.003, 0.003, 0.003, 0.003, 0.003, 0.003, 0.003, 0.003, 0.003, 0.002, 0.002, 0.002, 0.002, 0.002, 0.002, 0.002, 0.002, 0.002, 0.002, 0.002, 0.002, 0.002, 0.002, 0.002, 0.002, 0.002, 0.002, 0.002, 0.002, 0.002, 0.002, 0.002, 0.002, 0.002, 0.002, 0.002, 0.002, 0.002, 0.002, 0.002, 0.002, 0.002, 0.002, 0.002, 0.002, 0.002, 0.002, 0.002, 0.002, 0.002, 0.002, 0.002, 0.002, 0.002, 0.002, 0.002, 0.002, 0.002, 0.002, 0.002, 0.002, 0.001, 0.001, 0.001, 0.001, 0.001, 0.001, 0.001, 0.001, 0.001, 0.001, 0.001, 0.001, 0.001, 0.001, 0.001, 0.001, 0.001, 0.001, 0.001, 0.001, 0.001, 0.001, 0.001, 0.001, 0.001, 0.001, 0.001, 0.001, 0.001, 0.001, 0.001, 0.001, 0.001, 0.001, 0.001, 0.001, 0.001, 0.001, 0.001, 0.001, 0.001, 0.001, 0.001, 0.001, 0.001, 0.001, 0.001, 0.001, 0.001, 0.001, 0.001, 0.001, 0.001, 0.001, 0.001, 0.001, 0.001, 0.001, 0.001, 0.001, 0.001, 0.001, 0.001, 0.001, 0.001, 0.001, 0.001, 0.001, 0.001, 0.001, 0.001, 0.001, 0.001, 0.001, 0.001, 0.001, 0.001, 0.001, 0.001, 0.001, 0.001, 0.001, 0.001, 0.001, 0.001, 0.001, 0.001, 0.001, 0.001, 0.001, 0.001"
4,13,"soil, water, estim, veget, valu, data, temperatur, studi, forest, measur, differ, tree, surfac, model, area, moistur, observ, season, product, result, base, plant, cover, relat, high, condit, canopi, spatial, resolut, show, flux, increas, method, variabl, averag, radiat, effect, energi, daili, imag, calcul, mean, region, climat, site, respect, year, heat, indic, tabl, scale, evapor, sit, field, compar, chang, paramet, relationship, rang, period, growth, remot, leaf, higher, sens, variat, ndvi, pixel, satellit, signific, speci, coeffici, factor, band, correl, equat, land, regress, time, atmospher, ecosystem, obtain, grind, decreas, stress, wind, avail, thermal, lower, landsat, similar, linear, grow, reflect, follow, modi, annual, influenc, type, depth, tempor, global, rainfal, balanc, accuraci, includ, provid, analysi, develop, determin, main, biomass, import, process, larg, maximum, solar, meteorolog, humid, plot, snow, intercept, perform, limit, index, spectral, deriv, transpir, sensit, report, sensor, total, conduct, height, valid, refer, situ, carbon, evalu, downscal, control, addit, month, present, correct, distribut, crop, day, affect, repres, potenti, consid, monitor, appli, respons, approach, content, algorithm, simul, speed, rmse, improv, root, pattern, dataset, general, contribut, error, previous, vari, direct, combin, locat, ratio, weather, arid, sampl, environment, vapor, accord, research, rate, slope, domin, suggest, densiti, precipit, calibr, occur, consist, leav, dynam, china, posit, cloud, pressur, stand, reduc, specif, loss",Soil moisture estimation and vegetation cover; modelling and analysis of soil moisture,"0.011, 0.009, 0.009, 0.009, 0.009, 0.009, 0.009, 0.008, 0.007, 0.007, 0.007, 0.007, 0.007, 0.006, 0.006, 0.006, 0.005, 0.005, 0.005, 0.005, 0.005, 0.004, 0.004, 0.004, 0.004, 0.004, 0.004, 0.004, 0.004, 0.004, 0.004, 0.004, 0.004, 0.004, 0.004, 0.004, 0.004, 0.003, 0.003, 0.003, 0.003, 0.003, 0.003, 0.003, 0.003, 0.003, 0.003, 0.003, 0.003, 0.003, 0.003, 0.003, 0.003, 0.003, 0.003, 0.003, 0.003, 0.003, 0.003, 0.003, 0.003, 0.003, 0.003, 0.003, 0.003, 0.003, 0.003, 0.003, 0.003, 0.003, 0.002, 0.002, 0.002, 0.002, 0.002, 0.002, 0.002, 0.002, 0.002, 0.002, 0.002, 0.002, 0.002, 0.002, 0.002, 0.002, 0.002, 0.002, 0.002, 0.002, 0.002, 0.002, 0.002, 0.002, 0.002, 0.002, 0.002, 0.002, 0.002, 0.002, 0.002, 0.002, 0.002, 0.002, 0.002, 0.002, 0.002, 0.002, 0.002, 0.002, 0.002, 0.002, 0.002, 0.002, 0.002, 0.002, 0.002, 0.002, 0.002, 0.002, 0.002, 0.002, 0.002, 0.002, 0.002, 0.002, 0.002, 0.002, 0.002, 0.002, 0.002, 0.002, 0.002, 0.002, 0.002, 0.001, 0.001, 0.001, 0.001, 0.001, 0.001, 0.001, 0.001, 0.001, 0.001, 0.001, 0.001, 0.001, 0.001, 0.001, 0.001, 0.001, 0.001, 0.001, 0.001, 0.001, 0.001, 0.001, 0.001, 0.001, 0.001, 0.001, 0.001, 0.001, 0.001, 0.001, 0.001, 0.001, 0.001, 0.001, 0.001, 0.001, 0.001, 0.001, 0.001, 0.001, 0.001, 0.001, 0.001, 0.001, 0.001, 0.001, 0.001, 0.001, 0.001, 0.001, 0.001, 0.001, 0.001, 0.001, 0.001, 0.001, 0.001, 0.001, 0.001, 0.001, 0.001, 0.001, 0.001, 0.001"
5,15,"soil, water, irrig, crop, land, area, yield, model, chang, valu, studi, increas, agricultur, differ, result, data, product, effect, region, year, urban, base, climat, factor, growth, field, tabl, variabl, content, show, plant, simul, develop, wheat, indic, respect, signific, high, scenario, relat, measur, spatial, manag, cover, calcul, season, decreas, higher, potenti, method, estim, maiz, rice, level, period, compar, averag, total, treatment, condit, depth, determin, avail, regress, lulc, analysi, class, china, mean, forest, appli, impact, time, calibr, landscap, root, fertil, grow, type, index, rang, main, veget, lower, improv, precipit, consid, observ, reduc, coeffici, stress, follow, scale, obtain, map, includ, plot, demand, assess, affect, properti, paramet, repres, import, annual, suitabl, influenc, distribut, pattern, correl, effici, cropland, requir, stage, evalu, temperatur, rate, accord, futur, surfac, layer, resourc, farm, research, salin, moistur, applic, zone, loss, statist, accuraci, predict, cultiv, densiti, practic, input, limit, capac, similar, grassland, conduct, experi, valid, process, present, maximum, provid, addit, clay, transit, food, rainfal, relationship, project, econom, refer, optim, term, carbon, report, specif, combin, winter, natur, select, textur, sampl, locat, trend, system, number, general, grain, equat, approach, posit, perform, variat, provinc, harvest, respons, reduct, initi, classif, alloc, highest, farmer, function, weight, negat, depend, vari, produc, balanc, infiltr, greater, support, need, consist, unit",Agricultural impact of soi moisture and irrigation; modelling f climate change on crop yield and soil water content,"0.024, 0.020, 0.017, 0.016, 0.014, 0.011, 0.010, 0.009, 0.008, 0.008, 0.008, 0.008, 0.007, 0.006, 0.005, 0.005, 0.005, 0.005, 0.005, 0.004, 0.004, 0.004, 0.004, 0.004, 0.004, 0.004, 0.004, 0.004, 0.004, 0.004, 0.004, 0.004, 0.004, 0.004, 0.003, 0.003, 0.003, 0.003, 0.003, 0.003, 0.003, 0.003, 0.003, 0.003, 0.003, 0.003, 0.003, 0.003, 0.003, 0.003, 0.003, 0.003, 0.003, 0.003, 0.003, 0.003, 0.003, 0.003, 0.002, 0.002, 0.002, 0.002, 0.002, 0.002, 0.002, 0.002, 0.002, 0.002, 0.002, 0.002, 0.002, 0.002, 0.002, 0.002, 0.002, 0.002, 0.002, 0.002, 0.002, 0.002, 0.002, 0.002, 0.002, 0.002, 0.002, 0.002, 0.002, 0.002, 0.002, 0.002, 0.002, 0.002, 0.002, 0.002, 0.002, 0.002, 0.002, 0.002, 0.002, 0.002, 0.002, 0.002, 0.002, 0.002, 0.002, 0.002, 0.002, 0.002, 0.002, 0.002, 0.002, 0.002, 0.002, 0.002, 0.002, 0.002, 0.002, 0.002, 0.002, 0.002, 0.002, 0.002, 0.002, 0.001, 0.001, 0.001, 0.001, 0.001, 0.001, 0.001, 0.001, 0.001, 0.001, 0.001, 0.001, 0.001, 0.001, 0.001, 0.001, 0.001, 0.001, 0.001, 0.001, 0.001, 0.001, 0.001, 0.001, 0.001, 0.001, 0.001, 0.001, 0.001, 0.001, 0.001, 0.001, 0.001, 0.001, 0.001, 0.001, 0.001, 0.001, 0.001, 0.001, 0.001, 0.001, 0.001, 0.001, 0.001, 0.001, 0.001, 0.001, 0.001, 0.001, 0.001, 0.001, 0.001, 0.001, 0.001, 0.001, 0.001, 0.001, 0.001, 0.001, 0.001, 0.001, 0.001, 0.001, 0.001, 0.001, 0.001, 0.001, 0.001, 0.001, 0.001, 0.001, 0.001, 0.001, 0.001, 0.001, 0.001"
6,7,"data, model, process, user, time, develop, provid, base, inform, includ, applic, requir, differ, research, servic, avail, file, comput, function, imag, resourc, result, tool, manag, exampl, dataset, input, softwar, visual, analysi, support, environment, need, water, approach, output, sourc, implement, studi, specif, case, allow, perform, method, integr, network, creat, access, work, spatial, level, design, framework, show, qualiti, object, compon, section, simul, structur, system, featur, select, type, map, step, grid, project, scienc, workflow, addit, valu, chang, number, open, generat, decis, sensor, area, locat, interact, interfac, present, improv, knowledg, environ, oper, resolut, relat, packag, defin, high, observ, multipl, challeng, monitor, use, identifi, build, execut, point, cloud, hydrolog, databas, share, limit, larg, complex, public, class, appli, paramet, program, tabl, repres, learn, https, contain, understand, python, test, exist, scale, import, general, collect, evalu, enabl, follow, format, platform, scenario, real, local, variabl, store, hydroshar, domain, current, set, paper, standard, common, describ, make, link, task, communiti, technolog, cell, algorithm, land, code, futur, potenti, engin, help, run, reproduc, direct, server, capabl, modul, communic, valid, experi, instanc, measur, discuss, address, demonstr, compar, distribut, assess, stakehold, metadata, increas, classif, produc, pixel, detect, plot, term, focus, particular, product, document, seri, possibl, tempor, refer, like, issu, techniqu, group, give, activ, librari, option, scientif",Data driven hydrologic modelling; tools for hydrologic data analysis and visualization,"0.030, 0.026, 0.008, 0.008, 0.007, 0.007, 0.007, 0.006, 0.005, 0.005, 0.005, 0.004, 0.004, 0.004, 0.004, 0.004, 0.004, 0.004, 0.004, 0.004, 0.004, 0.004, 0.004, 0.004, 0.004, 0.004, 0.004, 0.004, 0.004, 0.003, 0.003, 0.003, 0.003, 0.003, 0.003, 0.003, 0.003, 0.003, 0.003, 0.003, 0.003, 0.003, 0.003, 0.003, 0.003, 0.003, 0.003, 0.003, 0.003, 0.003, 0.003, 0.002, 0.002, 0.002, 0.002, 0.002, 0.002, 0.002, 0.002, 0.002, 0.002, 0.002, 0.002, 0.002, 0.002, 0.002, 0.002, 0.002, 0.002, 0.002, 0.002, 0.002, 0.002, 0.002, 0.002, 0.002, 0.002, 0.002, 0.002, 0.002, 0.002, 0.002, 0.002, 0.002, 0.002, 0.002, 0.002, 0.002, 0.002, 0.002, 0.002, 0.002, 0.002, 0.002, 0.002, 0.002, 0.002, 0.002, 0.002, 0.002, 0.002, 0.002, 0.002, 0.002, 0.002, 0.002, 0.002, 0.002, 0.002, 0.002, 0.002, 0.002, 0.002, 0.002, 0.002, 0.002, 0.002, 0.002, 0.002, 0.002, 0.002, 0.002, 0.002, 0.002, 0.001, 0.001, 0.001, 0.001, 0.001, 0.001, 0.001, 0.001, 0.001, 0.001, 0.001, 0.001, 0.001, 0.001, 0.001, 0.001, 0.001, 0.001, 0.001, 0.001, 0.001, 0.001, 0.001, 0.001, 0.001, 0.001, 0.001, 0.001, 0.001, 0.001, 0.001, 0.001, 0.001, 0.001, 0.001, 0.001, 0.001, 0.001, 0.001, 0.001, 0.001, 0.001, 0.001, 0.001, 0.001, 0.001, 0.001, 0.001, 0.001, 0.001, 0.001, 0.001, 0.001, 0.001, 0.001, 0.001, 0.001, 0.001, 0.001, 0.001, 0.001, 0.001, 0.001, 0.001, 0.001, 0.001, 0.001, 0.001, 0.001, 0.001, 0.001, 0.001, 0.001, 0.001, 0.001, 0.001"
7,11,"concentr, water, sampl, studi, remov, treatment, valu, increas, process, result, differ, wastewat, high, model, show, organ, effect, measur, chemic, rate, signific, analysi, tabl, condit, time, higher, indic, activ, contamin, relat, test, determin, membran, base, pollut, perform, data, correl, observ, speci, particl, oper, solut, respect, experi, adsorpt, report, plant, method, temperatur, communiti, sludg, compound, surfac, product, paramet, microbi, regress, effici, rang, addit, detect, total, materi, sourc, degrad, effluent, abund, group, acid, includ, reaction, oxid, specif, compar, experiment, filter, potenti, size, carbon, predict, present, decreas, similar, qualiti, follow, chlorin, factor, collect, obtain, variabl, lower, cell, coli, type, ratio, relationship, investig, composit, linear, conduct, wwtp, like, develop, system, metal, bacteria, associ, calcul, mass, limit, energi, previous, constant, standard, initi, control, flow, turbid, column, environment, function, reduc, interact, contain, content, suggest, import, influenc, residu, supplementari, order, appli, phase, posit, treat, influent, chang, select, level, provid, structur, oxygen, adsorb, coeffici, flux, applic, identifi, ozon, number, environ, respons, fluoresc, filtrat, dose, solid, dissolv, reactor, emiss, industri, biomass, accord, miner, consid, bacteri, evalu, form, compon, reduct, drink, main, negat, foul, coagul, distribut, mechan, properti, work, growth, matter, presenc, scale, monitor, research, target, analys, volum, rat, affect, statist, design, averag, format, produc, laboratori, fraction, natur, nutrient, possibl, requir",Water treatment and contaminant removal; effectiveness of treatment processes on chemical contaminant removals,"0.013, 0.010, 0.010, 0.006, 0.006, 0.006, 0.005, 0.005, 0.005, 0.005, 0.005, 0.005, 0.004, 0.004, 0.004, 0.004, 0.004, 0.004, 0.003, 0.003, 0.003, 0.003, 0.003, 0.003, 0.003, 0.003, 0.003, 0.003, 0.003, 0.003, 0.003, 0.003, 0.003, 0.003, 0.003, 0.003, 0.003, 0.003, 0.003, 0.003, 0.003, 0.003, 0.003, 0.003, 0.002, 0.002, 0.002, 0.002, 0.002, 0.002, 0.002, 0.002, 0.002, 0.002, 0.002, 0.002, 0.002, 0.002, 0.002, 0.002, 0.002, 0.002, 0.002, 0.002, 0.002, 0.002, 0.002, 0.002, 0.002, 0.002, 0.002, 0.002, 0.002, 0.002, 0.002, 0.002, 0.002, 0.002, 0.002, 0.002, 0.002, 0.002, 0.002, 0.002, 0.002, 0.002, 0.002, 0.002, 0.002, 0.002, 0.002, 0.002, 0.002, 0.002, 0.002, 0.002, 0.002, 0.002, 0.002, 0.002, 0.002, 0.002, 0.002, 0.002, 0.002, 0.002, 0.002, 0.002, 0.002, 0.002, 0.002, 0.002, 0.001, 0.001, 0.001, 0.001, 0.001, 0.001, 0.001, 0.001, 0.001, 0.001, 0.001, 0.001, 0.001, 0.001, 0.001, 0.001, 0.001, 0.001, 0.001, 0.001, 0.001, 0.001, 0.001, 0.001, 0.001, 0.001, 0.001, 0.001, 0.001, 0.001, 0.001, 0.001, 0.001, 0.001, 0.001, 0.001, 0.001, 0.001, 0.001, 0.001, 0.001, 0.001, 0.001, 0.001, 0.001, 0.001, 0.001, 0.001, 0.001, 0.001, 0.001, 0.001, 0.001, 0.001, 0.001, 0.001, 0.001, 0.001, 0.001, 0.001, 0.001, 0.001, 0.001, 0.001, 0.001, 0.001, 0.001, 0.001, 0.001, 0.001, 0.001, 0.001, 0.001, 0.001, 0.001, 0.001, 0.001, 0.001, 0.001, 0.001, 0.001, 0.001, 0.001, 0.001, 0.001, 0.001, 0.001, 0.001"
8,1,"flow, sediment, river, stream, model, area, channel, catchment, discharg, eros, soil, watersh, reach, scale, depth, drainag, studi, slope, hydrolog, valu, transport, connect, water, result, network, measur, runoff, process, surfac, differ, data, hydraul, high, veloc, increas, base, basin, spatial, relat, effect, size, locat, load, downstream, tabl, upstream, condit, landscap, factor, variabl, sourc, section, cell, direct, rat, determin, rang, event, estim, calcul, rate, drain, relationship, outlet, larg, floodplain, provid, averag, width, equat, patch, mean, repres, elev, contribut, simul, pattern, includ, deposit, predict, distribut, indic, zone, bank, length, topograph, calibr, method, develop, analysi, cross, characterist, time, field, paramet, main, volum, segment, observ, identifi, show, storm, consid, land, test, influenc, total, similar, potenti, lower, unit, approach, suspend, compar, number, infiltr, gradient, distanc, import, tributari, site, control, particl, higher, cover, stabil, practic, curv, mainstem, limit, sit, case, survey, rough, capac, reduct, type, concentr, veget, conduct, order, specif, power, appli, cluster, boundari, addit, featur, signific, larger, sampl, slop, flood, step, subsurfac, occur, comput, small, geolog, edg, path, resolut, avail, linear, mix, respect, function, peak, materi, tracer, chang, satur, sand, reduc, delin, local, associ, regress, collect, point, overland, physic, impact, densiti, confluenc, requir, riparian, ratio, urban, classif, yield, properti, coeffici, morpholog, follow, select, threshold, defin, profil, rainfal","Sediment transport and erosion modelling in river catchments, hydrology flow, channel morphology in river networks","0.024, 0.018, 0.014, 0.010, 0.008, 0.008, 0.008, 0.007, 0.007, 0.007, 0.006, 0.006, 0.006, 0.005, 0.005, 0.005, 0.005, 0.005, 0.004, 0.004, 0.004, 0.004, 0.004, 0.004, 0.004, 0.004, 0.004, 0.004, 0.004, 0.004, 0.004, 0.003, 0.003, 0.003, 0.003, 0.003, 0.003, 0.003, 0.003, 0.003, 0.003, 0.003, 0.003, 0.003, 0.003, 0.003, 0.003, 0.003, 0.003, 0.003, 0.003, 0.003, 0.002, 0.002, 0.002, 0.002, 0.002, 0.002, 0.002, 0.002, 0.002, 0.002, 0.002, 0.002, 0.002, 0.002, 0.002, 0.002, 0.002, 0.002, 0.002, 0.002, 0.002, 0.002, 0.002, 0.002, 0.002, 0.002, 0.002, 0.002, 0.002, 0.002, 0.002, 0.002, 0.002, 0.002, 0.002, 0.002, 0.002, 0.002, 0.002, 0.002, 0.002, 0.002, 0.002, 0.002, 0.002, 0.002, 0.002, 0.002, 0.002, 0.002, 0.002, 0.002, 0.002, 0.002, 0.002, 0.002, 0.002, 0.002, 0.002, 0.002, 0.002, 0.002, 0.002, 0.001, 0.001, 0.001, 0.001, 0.001, 0.001, 0.001, 0.001, 0.001, 0.001, 0.001, 0.001, 0.001, 0.001, 0.001, 0.001, 0.001, 0.001, 0.001, 0.001, 0.001, 0.001, 0.001, 0.001, 0.001, 0.001, 0.001, 0.001, 0.001, 0.001, 0.001, 0.001, 0.001, 0.001, 0.001, 0.001, 0.001, 0.001, 0.001, 0.001, 0.001, 0.001, 0.001, 0.001, 0.001, 0.001, 0.001, 0.001, 0.001, 0.001, 0.001, 0.001, 0.001, 0.001, 0.001, 0.001, 0.001, 0.001, 0.001, 0.001, 0.001, 0.001, 0.001, 0.001, 0.001, 0.001, 0.001, 0.001, 0.001, 0.001, 0.001, 0.001, 0.001, 0.001, 0.001, 0.001, 0.001, 0.001, 0.001, 0.001, 0.001, 0.001, 0.001, 0.001, 0.001"
9,14,"speci, household, popul, studi, ecolog, water, risk, econom, habitat, environment, area, variabl, effect, social, model, cost, citi, group, level, decis, farmer, impact, ecosystem, differ, relat, result, includ, damag, estim, manag, import, distribut, local, factor, farm, chang, year, particip, consumpt, provid, knowledg, flood, individu, polici, countri, presenc, servic, project, suitabl, increas, spatial, develop, communiti, adapt, indic, tabl, forest, survey, specif, incom, protect, natur, case, price, collect, urban, resourc, number, potenti, categori, associ, signific, expect, outcom, conserv, analysi, region, inform, like, influenc, invest, account, product, data, research, identifi, higher, market, report, fish, demand, deforest, sector, statist, occurr, trade, agricultur, base, high, probabl, focus, human, assess, suppli, contribut, term, avail, behavior, literatur, total, improv, structur, consid, score, institut, govern, absenc, interact, affect, size, industri, appendix, make, depend, repres, function, scale, health, qualiti, technolog, state, addit, present, agent, respons, suggest, strategi, anim, characterist, find, system, similar, valu, benefit, relev, follow, accid, densiti, posit, sustain, particular, time, distanc, averag, program, general, adopt, semant, give, type, access, unit, world, futur, rang, nich, allow, understand, respond, prefer, main, global, capac, exist, locat, need, abund, marin, pattern, socio, territori, negat, choic, possibl, capita, peopl, environ, emerg, dispers, test, select, public, scenario, movement, district, nation, food, infrastructur, plan, activ","Ecological and economic impacts on water management, assessment of environmental changes","0.011, 0.006, 0.005, 0.005, 0.005, 0.005, 0.005, 0.005, 0.005, 0.005, 0.005, 0.005, 0.004, 0.004, 0.004, 0.004, 0.004, 0.004, 0.004, 0.004, 0.003, 0.003, 0.003, 0.003, 0.003, 0.003, 0.003, 0.003, 0.003, 0.003, 0.003, 0.003, 0.003, 0.003, 0.003, 0.003, 0.003, 0.003, 0.003, 0.003, 0.003, 0.003, 0.003, 0.003, 0.003, 0.003, 0.003, 0.002, 0.002, 0.002, 0.002, 0.002, 0.002, 0.002, 0.002, 0.002, 0.002, 0.002, 0.002, 0.002, 0.002, 0.002, 0.002, 0.002, 0.002, 0.002, 0.002, 0.002, 0.002, 0.002, 0.002, 0.002, 0.002, 0.002, 0.002, 0.002, 0.002, 0.002, 0.002, 0.002, 0.002, 0.002, 0.002, 0.002, 0.002, 0.002, 0.002, 0.002, 0.002, 0.002, 0.002, 0.002, 0.002, 0.002, 0.002, 0.002, 0.002, 0.002, 0.002, 0.002, 0.002, 0.002, 0.002, 0.002, 0.002, 0.002, 0.002, 0.002, 0.002, 0.002, 0.002, 0.002, 0.002, 0.002, 0.001, 0.001, 0.001, 0.001, 0.001, 0.001, 0.001, 0.001, 0.001, 0.001, 0.001, 0.001, 0.001, 0.001, 0.001, 0.001, 0.001, 0.001, 0.001, 0.001, 0.001, 0.001, 0.001, 0.001, 0.001, 0.001, 0.001, 0.001, 0.001, 0.001, 0.001, 0.001, 0.001, 0.001, 0.001, 0.001, 0.001, 0.001, 0.001, 0.001, 0.001, 0.001, 0.001, 0.001, 0.001, 0.001, 0.001, 0.001, 0.001, 0.001, 0.001, 0.001, 0.001, 0.001, 0.001, 0.001, 0.001, 0.001, 0.001, 0.001, 0.001, 0.001, 0.001, 0.001, 0.001, 0.001, 0.001, 0.001, 0.001, 0.001, 0.001, 0.001, 0.001, 0.001, 0.001, 0.001, 0.001, 0.001, 0.001, 0.001, 0.001, 0.001, 0.001, 0.001, 0.001, 0.001"
10,3,"pressur, structur, stress, load, forc, flow, veloc, wave, show, result, increas, surfac, effect, differ, marsh, frequenc, angl, test, strength, design, propel, motion, hull, coeffici, present, experiment, ratio, fluid, condit, section, resist, case, numer, length, direct, robot, ship, pore, studi, calcul, shape, speed, relat, bodi, equat, scale, phase, experi, thick, failur, measur, stiffen, analysi, damag, vertic, cylind, consid, larg, diamet, obtain, materi, valu, water, plate, investig, line, energi, wall, drag, rang, amplitud, hydrodynam, method, fatigu, deform, displac, type, rotat, characterist, factor, later, blade, impact, free, turbul, depth, fractur, shear, tabl, moment, respons, time, mode, platform, boundari, ultim, size, stiff, caus, compar, tank, pipe, regim, oscil, vessel, mechan, densiti, axial, wake, local, constant, actuat, model, element, form, respect, lift, high, influenc, similar, point, sewer, reynold, turbin, strain, contact, bend, decreas, carri, system, propuls, curv, slam, develop, mesh, maximum, vortic, chang, transvers, number, formula, layer, offshor, dynam, manipul, occur, attenu, properti, larger, depend, corros, compon, auv, underwat, height, determin, crack, excit, horizont, compress, riser, cross, rough, control, sensor, permeabl, critic, base, small, rigid, volum, joint, signific, natur, give, geometri, conduct, vari, dimens, initi, variat, capac, shell, main, profil, fish, simul, affect, solid, singl, salt, mudflat, posit, dissip, open, radius, linear, vehicl, buckl, peak",Hydrodynamic forces and surface effects on maritime structures; pressure and stress analysis on maritime flow effects,"0.009, 0.007, 0.007, 0.007, 0.006, 0.006, 0.006, 0.005, 0.005, 0.004, 0.004, 0.004, 0.004, 0.004, 0.004, 0.004, 0.004, 0.003, 0.003, 0.003, 0.003, 0.003, 0.003, 0.003, 0.003, 0.003, 0.003, 0.003, 0.003, 0.003, 0.003, 0.003, 0.003, 0.003, 0.003, 0.003, 0.003, 0.003, 0.003, 0.003, 0.003, 0.002, 0.002, 0.002, 0.002, 0.002, 0.002, 0.002, 0.002, 0.002, 0.002, 0.002, 0.002, 0.002, 0.002, 0.002, 0.002, 0.002, 0.002, 0.002, 0.002, 0.002, 0.002, 0.002, 0.002, 0.002, 0.002, 0.002, 0.002, 0.002, 0.002, 0.002, 0.002, 0.002, 0.002, 0.002, 0.002, 0.002, 0.002, 0.002, 0.002, 0.002, 0.002, 0.002, 0.002, 0.002, 0.002, 0.002, 0.002, 0.002, 0.002, 0.002, 0.002, 0.002, 0.002, 0.002, 0.002, 0.002, 0.002, 0.002, 0.002, 0.002, 0.002, 0.002, 0.002, 0.002, 0.002, 0.002, 0.002, 0.001, 0.001, 0.001, 0.001, 0.001, 0.001, 0.001, 0.001, 0.001, 0.001, 0.001, 0.001, 0.001, 0.001, 0.001, 0.001, 0.001, 0.001, 0.001, 0.001, 0.001, 0.001, 0.001, 0.001, 0.001, 0.001, 0.001, 0.001, 0.001, 0.001, 0.001, 0.001, 0.001, 0.001, 0.001, 0.001, 0.001, 0.001, 0.001, 0.001, 0.001, 0.001, 0.001, 0.001, 0.001, 0.001, 0.001, 0.001, 0.001, 0.001, 0.001, 0.001, 0.001, 0.001, 0.001, 0.001, 0.001, 0.001, 0.001, 0.001, 0.001, 0.001, 0.001, 0.001, 0.001, 0.001, 0.001, 0.001, 0.001, 0.001, 0.001, 0.001, 0.001, 0.001, 0.001, 0.001, 0.001, 0.001, 0.001, 0.001, 0.001, 0.001, 0.001, 0.001, 0.001, 0.001, 0.001, 0.001, 0.001, 0.001, 0.001"
11,12,"wave, wind, height, coastal, ocean, storm, buoy, energi, beach, direct, surg, shorelin, break, period, offshor, spectrum, intern, signific, hindcast, spectral, coast, tide, frequenc, swan, reef, overtop, cyclon, spectra, speed, vertic, peak, swell, nearshor, measur, steep, analyz, breakup, farm, crest, condit, interwav, locat, tidal, breaker, slope, cfsr, outbreak, propag, extrem, seawal, shore, forc, noaa, runup, seich, coral, incid, depth, fetch, mix, dzrb, iwt, dissip, bathymetri, densiti, sector, coastlin, belief, bridg, dune, north, norovirus, amplitud, water, profil, differ, mean, maximum, mode, oyster, cliff, alongshor, iform, present, marin, numer, thermoclin, shallow, rise, blow, event, mutriku, east, elev, data, coeffici, port, jonswap, valu, surfac, plung, atlant, breakwat, onset, result, sea, databas, hurrican, show, state, model, fatigu, underestim, bathymetr, physic, flux, averag, eurotop, isotherm, provid, layer, studi, reflect, near, power, slop, protect, wedderburn, seaward, horizont, harbor, rang, freeboard, adriat, tropic, formula, scale, baroclin, wavewatch, lagoon, pycnoclin, wall, venic, onshor, probe, observ, time, focus, occur, west, bueno, friction, baldock, tabl, displac, ndbc, shelf, window, altimet, partit, imberg, anaconda, predict, resolut, ecmwf, campo, basin, narrabeen, island, wavelength, biscay, gage, spill, reproduc, renew, stratif, bulk, strong, relat, south, windsurf, gulf, streak, atmospher, hour, analysi, electr, increas, reanalysi, reson, estim, metalimnion, turbul, equat, year, misalign, field, correspond, describ, morphodynam",Coastal wave and wind interactions; oceanic wave spectrum analysis,"0.095, 0.028, 0.019, 0.011, 0.009, 0.008, 0.007, 0.006, 0.006, 0.006, 0.005, 0.005, 0.005, 0.005, 0.005, 0.004, 0.004, 0.004, 0.004, 0.004, 0.004, 0.004, 0.003, 0.003, 0.003, 0.003, 0.003, 0.003, 0.003, 0.003, 0.003, 0.003, 0.002, 0.002, 0.002, 0.002, 0.002, 0.002, 0.002, 0.002, 0.002, 0.002, 0.002, 0.002, 0.002, 0.002, 0.002, 0.002, 0.002, 0.002, 0.001, 0.001, 0.001, 0.001, 0.001, 0.001, 0.001, 0.001, 0.001, 0.001, 0.001, 0.001, 0.001, 0.001, 0.001, 0.001, 0.001, 0.001, 0.001, 0.001, 0.001, 0.001, 0.001, 0.001, 0.001, 0.001, 0.001, 0.001, 0.001, 0.001, 0.001, 0.001, 0.001, 0.001, 0.001, 0.001, 0.001, 0.001, 0.001, 0.001, 0.001, 0.001, 0.001, 0.001, 0.001, 0.001, 0.001, 0.001, 0.001, 0.001, 0.001, 0.001, 0.001, 0.001, 0.001, 0.001, 0.001, 0.001, 0.001, 0.001, 0.001, 0.001, 0.001, 0.001, 0.001, 0.001, 0.001, 0.001, 0.001, 0.001, 0.001, 0.001, 0.001, 0.001, 0.001, 0.001, 0.001, 0.001, 0.001, 0.001, 0.001, 0.001, 0.001, 0.001, 0.001, 0.001, 0.001, 0.001, 0.001, 0.001, 0.001, 0.001, 0.001, 0.001, 0.001, 0.001, 0.001, 0.001, 0.001, 0.001, 0.001, 0.001, 0.001, 0.001, 0.001, 0.001, 0.001, 0.001, 0.001, 0.001, 0.001, 0.001, 0.000, 0.000, 0.000, 0.000, 0.000, 0.000, 0.000, 0.000, 0.000, 0.000, 0.000, 0.000, 0.000, 0.000, 0.000, 0.000, 0.000, 0.000, 0.000, 0.000, 0.000, 0.000, 0.000, 0.000, 0.000, 0.000, 0.000, 0.000, 0.000, 0.000, 0.000, 0.000, 0.000, 0.000, 0.000, 0.000, 0.000, 0.000"
12,19,"content, west, imag, https, prod, store, amazonaw, altimg, downsampl, jpeg, thumbnail, potenti, stripin, attribut, landlab, lineament, highr, univers, neutral, high, rock, groundwat, fractur, load, slope, east, densiti, weight, elsevi, litholog, geolog, http, valu, notebook, droplet, geomorpholog, themat, sandston, frequenc, factor, area, studi, permeabl, surfac, crrw, rank, elev, main, depend, scienc, communiti, techniqu, depart, curvatur, method, measur, naghibi, hummock, map, equat, sound, respons, result, poros, tabl, condit, prepar, classifi, data, scenario, critic, borehol, water, extrem, shrub, rahmati, mspe, engin, candid, kappa, overlay, scivalfund, ipec, geonam, topograph, spring, region, sea, attenu, assign, strauch, culley, silt, comparison, recharg, gofo, segment, vocabulari, differ, clayey, ecohydrolog, civil, resourc, delin, pore, model, zone, replic, drainag, idaszak, docx, moder, true, research, saati, narrat, matrix, pptte, rcwts, laboratori, class, wettabl, compress, curv, cdft, ptot, distribut, cmls, cdhw, pool, sampl, gwpz, give, vulner, drill, korean, determin, case, pourghasemi, paramet, sandi, classroom, lead, pfts, prospect, stoll, boulder, biot, preview, tavg, correct, heilongjiang, earth, base, signific, como, contact, combin, rang, arid, hobley, like, generat, weightag, hierarchi, istanbulluoglu, core, granit, nation, perform, brown, layer, educ, excit, assess, licens, show, school, geoid, extract, wang, cmfo, fault, arabameri, presenc, gwpi, china, ipynb, creativecommon, classif, stress, valid, rcwt, noca, speed, siltston, good, apertur, import, criteria",Remote sensing and image processing for geospatial analysis; geological factors and hydrogeological considerations on groundwater flow and lithological characteristics,"0.036, 0.029, 0.028, 0.017, 0.016, 0.016, 0.016, 0.006, 0.006, 0.006, 0.006, 0.005, 0.005, 0.005, 0.004, 0.003, 0.003, 0.003, 0.003, 0.003, 0.003, 0.002, 0.002, 0.002, 0.002, 0.002, 0.002, 0.002, 0.002, 0.001, 0.001, 0.001, 0.001, 0.001, 0.001, 0.001, 0.001, 0.001, 0.001, 0.001, 0.001, 0.001, 0.001, 0.001, 0.001, 0.001, 0.001, 0.001, 0.001, 0.001, 0.001, 0.001, 0.001, 0.001, 0.001, 0.001, 0.001, 0.001, 0.001, 0.001, 0.001, 0.001, 0.001, 0.001, 0.001, 0.001, 0.001, 0.001, 0.001, 0.001, 0.001, 0.001, 0.001, 0.001, 0.001, 0.001, 0.001, 0.001, 0.001, 0.001, 0.001, 0.001, 0.001, 0.001, 0.001, 0.001, 0.001, 0.001, 0.001, 0.001, 0.001, 0.001, 0.001, 0.001, 0.001, 0.001, 0.001, 0.001, 0.001, 0.001, 0.001, 0.001, 0.001, 0.001, 0.001, 0.001, 0.001, 0.001, 0.001, 0.001, 0.001, 0.000, 0.000, 0.000, 0.000, 0.000, 0.000, 0.000, 0.000, 0.000, 0.000, 0.000, 0.000, 0.000, 0.000, 0.000, 0.000, 0.000, 0.000, 0.000, 0.000, 0.000, 0.000, 0.000, 0.000, 0.000, 0.000, 0.000, 0.000, 0.000, 0.000, 0.000, 0.000, 0.000, 0.000, 0.000, 0.000, 0.000, 0.000, 0.000, 0.000, 0.000, 0.000, 0.000, 0.000, 0.000, 0.000, 0.000, 0.000, 0.000, 0.000, 0.000, 0.000, 0.000, 0.000, 0.000, 0.000, 0.000, 0.000, 0.000, 0.000, 0.000, 0.000, 0.000, 0.000, 0.000, 0.000, 0.000, 0.000, 0.000, 0.000, 0.000, 0.000, 0.000, 0.000, 0.000, 0.000, 0.000, 0.000, 0.000, 0.000, 0.000, 0.000, 0.000, 0.000, 0.000, 0.000, 0.000, 0.000, 0.000"
13,9,"reservoir, oper, inflow, storag, releas, hydropow, reward, outflow, polici, rule, capac, agent, decis, cvnetica, avalanch, dam, flood, simul, scheme, enkf, action, modul, constraint, control, power, faci, causal, demand, downstream, cascad, messageix, asdhr, globiom, optim, state, generat, probabl, scenario, plexo, model, ibn, netica, flow, electr, object, dnapl, cvae, time, updat, pool, function, world, uncertainti, memori, episod, ecomem, sinkhol, penalti, spillway, suppli, latent, benefit, variabl, wgan, reinforc, ecolog, regul, energi, ensembl, inda, iam, period, data, maxim, pensacola, backoff, gdrom, bayesian, histor, schedul, keff, real, dispatch, volum, water, upstream, mitig, vres, landuyt, dynam, ssdp, safe, level, detrain, inform, base, defoli, gansim, gan, manag, regamey, turbin, grêt, framework, firm, multipurpos, repres, hedg, condit, herman, ogl, fienen, distribut, forecast, marcot, horizon, futur, penal, phormidium, nod, sugihara, risk, section, step, purpos, cpts, compromis, raleigh, provis, valu, haasnoot, sequenc, desalt, year, provid, cica, exampl, oobn, applic, realize, credibl, qbns, network, dbns, powerpl, durham, norsi, oanw, giuliani, observ, multi, transit, curtail, xiluodu, covari, raso, flwl, hugin, approach, california, global, adversari, sutton, deriv, region, turner, hanea, morou, veiting, studi, safeti, current, system, bühler, pooltestr, limit, starfit, continu, classif, hbns, satisfact, differ, result, crar, supplementari, week, dcsm, requir, perform, hierarch, appli, usbr, link, improv, assimil, infrastructur, xfjr, attractor, flexibl, maximum",Reservoir operation and hydropower management strategies; multi-agent decision-making for cascading reservoir systems,"0.062, 0.018, 0.010, 0.009, 0.009, 0.007, 0.004, 0.004, 0.004, 0.004, 0.003, 0.003, 0.003, 0.003, 0.003, 0.003, 0.002, 0.002, 0.002, 0.002, 0.002, 0.002, 0.002, 0.002, 0.002, 0.002, 0.002, 0.002, 0.002, 0.001, 0.001, 0.001, 0.001, 0.001, 0.001, 0.001, 0.001, 0.001, 0.001, 0.001, 0.001, 0.001, 0.001, 0.001, 0.001, 0.001, 0.001, 0.001, 0.001, 0.001, 0.001, 0.001, 0.001, 0.001, 0.001, 0.001, 0.001, 0.001, 0.001, 0.001, 0.001, 0.001, 0.001, 0.001, 0.001, 0.001, 0.001, 0.001, 0.001, 0.001, 0.001, 0.001, 0.001, 0.001, 0.001, 0.001, 0.001, 0.001, 0.001, 0.001, 0.001, 0.001, 0.001, 0.001, 0.001, 0.000, 0.000, 0.000, 0.000, 0.000, 0.000, 0.000, 0.000, 0.000, 0.000, 0.000, 0.000, 0.000, 0.000, 0.000, 0.000, 0.000, 0.000, 0.000, 0.000, 0.000, 0.000, 0.000, 0.000, 0.000, 0.000, 0.000, 0.000, 0.000, 0.000, 0.000, 0.000, 0.000, 0.000, 0.000, 0.000, 0.000, 0.000, 0.000, 0.000, 0.000, 0.000, 0.000, 0.000, 0.000, 0.000, 0.000, 0.000, 0.000, 0.000, 0.000, 0.000, 0.000, 0.000, 0.000, 0.000, 0.000, 0.000, 0.000, 0.000, 0.000, 0.000, 0.000, 0.000, 0.000, 0.000, 0.000, 0.000, 0.000, 0.000, 0.000, 0.000, 0.000, 0.000, 0.000, 0.000, 0.000, 0.000, 0.000, 0.000, 0.000, 0.000, 0.000, 0.000, 0.000, 0.000, 0.000, 0.000, 0.000, 0.000, 0.000, 0.000, 0.000, 0.000, 0.000, 0.000, 0.000, 0.000, 0.000, 0.000, 0.000, 0.000, 0.000, 0.000, 0.000, 0.000, 0.000, 0.000, 0.000, 0.000, 0.000, 0.000, 0.000, 0.000, 0.000"
14,5,"isotop, proven, excess, sampl, composit, evapor, precipit, sourc, prov, moistur, stabl, monsoon, vapor, stressor, altitud, enrich, lumass, lmwl, pyluc, local, trajectori, meteor, recycl, deplet, collect, godavari, fraction, signatur, valu, effect, legionella, humid, mediterranean, temperatur, water, cloud, mass, line, contribut, glacier, ghat, dansgaard, intercept, deuterium, lmwls, season, sednetnz, elev, gibson, gradient, gmwl, hydrogen, bottl, convect, indian, oxygen, western, mix, iaea, continent, gnip, lagoon, ocean, laps, melt, mountain, rain, craig, sampler, tracer, origin, rainfal, transport, month, hysplit, autumn, hawaiʻi, cave, slope, vapour, tonga, wester, control, higher, lower, villar, rainout, track, relat, rainwat, condens, sava, atmospher, meteorolog, weight, india, sacp, process, equilibrium, sit, glacial, crawford, plpt, secondari, east, advect, influenc, ratio, studi, hotel, arabian, provstor, wang, khola, bowen, station, island, region, highland, raindrop, surfac, tianshan, kinet, uptak, meltwat, rozanski, tropic, summer, bengal, himalaya, variat, subcloud, seal, araguá, funnel, erupt, olsr, heavi, tuscani, vsmow, marko, winter, plsa, mean, antagonist, coplen, differ, bedaso, tongatapu, lunz, satopanth, slop, atlant, urumqi, debr, river, kīlauea, notat, signific, west, circul, inland, relationship, pattern, data, rang, krklec, strong, close, paraffin, hurrican, drip, respect, fritz, negat, parcel, speleothem, correl, cycl, radon, smow, wasderivedfrom, softwareag, pim, barun, deshpand, central, ocel, vial, ablat, apuan, understand, danub, latitud, vienna, jasechko, snow, collector, slovenia, gonfiantini",Isotopic composition and source of precipitation; isotope-based study of monsoon dynamics and moisture recycling,"0.029, 0.007, 0.007, 0.005, 0.005, 0.005, 0.005, 0.004, 0.004, 0.004, 0.004, 0.003, 0.003, 0.002, 0.002, 0.002, 0.002, 0.002, 0.002, 0.002, 0.002, 0.002, 0.002, 0.002, 0.002, 0.002, 0.002, 0.002, 0.002, 0.001, 0.001, 0.001, 0.001, 0.001, 0.001, 0.001, 0.001, 0.001, 0.001, 0.001, 0.001, 0.001, 0.001, 0.001, 0.001, 0.001, 0.001, 0.001, 0.001, 0.001, 0.001, 0.001, 0.001, 0.001, 0.001, 0.001, 0.001, 0.001, 0.001, 0.001, 0.001, 0.001, 0.001, 0.001, 0.001, 0.001, 0.001, 0.001, 0.001, 0.001, 0.001, 0.001, 0.001, 0.001, 0.001, 0.001, 0.001, 0.001, 0.001, 0.001, 0.001, 0.001, 0.001, 0.001, 0.001, 0.001, 0.001, 0.001, 0.001, 0.001, 0.001, 0.001, 0.001, 0.000, 0.000, 0.000, 0.000, 0.000, 0.000, 0.000, 0.000, 0.000, 0.000, 0.000, 0.000, 0.000, 0.000, 0.000, 0.000, 0.000, 0.000, 0.000, 0.000, 0.000, 0.000, 0.000, 0.000, 0.000, 0.000, 0.000, 0.000, 0.000, 0.000, 0.000, 0.000, 0.000, 0.000, 0.000, 0.000, 0.000, 0.000, 0.000, 0.000, 0.000, 0.000, 0.000, 0.000, 0.000, 0.000, 0.000, 0.000, 0.000, 0.000, 0.000, 0.000, 0.000, 0.000, 0.000, 0.000, 0.000, 0.000, 0.000, 0.000, 0.000, 0.000, 0.000, 0.000, 0.000, 0.000, 0.000, 0.000, 0.000, 0.000, 0.000, 0.000, 0.000, 0.000, 0.000, 0.000, 0.000, 0.000, 0.000, 0.000, 0.000, 0.000, 0.000, 0.000, 0.000, 0.000, 0.000, 0.000, 0.000, 0.000, 0.000, 0.000, 0.000, 0.000, 0.000, 0.000, 0.000, 0.000, 0.000, 0.000, 0.000, 0.000, 0.000, 0.000, 0.000, 0.000, 0.000"
15,4,"fish, habitat, mfat, thermal, tidal, permeabl, zone, supersatur, karst, inject, aquif, spring, specialist, ebro, plume, group, satur, sandston, tide, assemblag, flow, dispers, catch, nfhc, earthquak, suitabl, lagoon, manate, abund, bubbl, estuari, diffus, homosassa, condit, heat, ehsm, murray, freshwat, spawn, score, emiss, barometr, veloc, fuel, macrohabitat, radon, mouth, river, platypus, biomass, generalist, perch, seismic, correl, temperatur, pressur, suar, toulon, cliff, sand, rich, fluid, still, transboundari, phase, discharg, migrat, porous, peat, format, nativ, macquari, knudsen, mraa, texa, taxa, function, option, electrofish, blow, chronic, wetland, aragón, main, speci, tracer, weight, mobil, hsms, spillway, cold, congo, default, carp, poros, mexico, advect, lockyer, bentheim, parr, phabsim, acut, ascó, berea, segr, relat, tributari, recruit, arithmet, canyon, mequinenza, station, upper, medium, salmo, nmds, resistor, cleanup, choi, diurnal, region, ellipt, substrat, toom, scrubber, sit, korea, napl, hpdf, site, plung, ternari, petit, unit, cinca, curv, bed, vlsfo, marguerit, mabou, mangin, model, prefer, hsis, cpue, desha, cretac, border, bove, metric, cascapedia, rock, junk, rang, channel, lpdf, water, bolson, kritico, sutherst, cpuew, hydraul, woodi, flix, bedrock, fisheri, taxon, reg, compon, fault, minnelusa, high, geometr, tanker, lower, system, aerat, strata, brine, shut, darl, constant, sástago, gwhp, coeffici, trout, data, arga, miranda, ctps, paraná, tabl, interquartil, confin, maywald, bream, pore, galaxia, gmix, geum",Aquatic habitats and thermal dynamics in tidal zones; karst aquifers and aquatic assemblages in springs,"0.020, 0.009, 0.006, 0.005, 0.004, 0.004, 0.003, 0.003, 0.003, 0.003, 0.002, 0.002, 0.002, 0.002, 0.002, 0.002, 0.002, 0.002, 0.002, 0.002, 0.002, 0.002, 0.002, 0.002, 0.002, 0.001, 0.001, 0.001, 0.001, 0.001, 0.001, 0.001, 0.001, 0.001, 0.001, 0.001, 0.001, 0.001, 0.001, 0.001, 0.001, 0.001, 0.001, 0.001, 0.001, 0.001, 0.001, 0.001, 0.001, 0.001, 0.001, 0.001, 0.001, 0.001, 0.001, 0.001, 0.001, 0.001, 0.001, 0.001, 0.001, 0.001, 0.001, 0.001, 0.001, 0.001, 0.001, 0.001, 0.001, 0.001, 0.001, 0.001, 0.001, 0.001, 0.001, 0.001, 0.001, 0.001, 0.001, 0.001, 0.001, 0.001, 0.001, 0.001, 0.001, 0.001, 0.001, 0.001, 0.001, 0.001, 0.001, 0.001, 0.001, 0.001, 0.001, 0.000, 0.000, 0.000, 0.000, 0.000, 0.000, 0.000, 0.000, 0.000, 0.000, 0.000, 0.000, 0.000, 0.000, 0.000, 0.000, 0.000, 0.000, 0.000, 0.000, 0.000, 0.000, 0.000, 0.000, 0.000, 0.000, 0.000, 0.000, 0.000, 0.000, 0.000, 0.000, 0.000, 0.000, 0.000, 0.000, 0.000, 0.000, 0.000, 0.000, 0.000, 0.000, 0.000, 0.000, 0.000, 0.000, 0.000, 0.000, 0.000, 0.000, 0.000, 0.000, 0.000, 0.000, 0.000, 0.000, 0.000, 0.000, 0.000, 0.000, 0.000, 0.000, 0.000, 0.000, 0.000, 0.000, 0.000, 0.000, 0.000, 0.000, 0.000, 0.000, 0.000, 0.000, 0.000, 0.000, 0.000, 0.000, 0.000, 0.000, 0.000, 0.000, 0.000, 0.000, 0.000, 0.000, 0.000, 0.000, 0.000, 0.000, 0.000, 0.000, 0.000, 0.000, 0.000, 0.000, 0.000, 0.000, 0.000, 0.000, 0.000, 0.000, 0.000, 0.000, 0.000"
16,16,"pine, tennesse, grass, forag, eleph, cattl, sagt, resin, actor, exot, walk, tradeoff, savanna, metamodel, recruit, sparrow, block, graze, marb, weed, subregion, exercis, grasp, valuedecis, workshop, sapl, apportion, vbws, barrio, florsi, tall, cost, pastur, constanc, wua, food, calf, herd, tree, smallhold, cow, styliz, voxel, cssd, seedl, sensori, spcs, farmer, trampl, garcía, submodel, overrun, movement, brother, conanp, perrotton, fssd, short, tres, cwpfs, manag, armançon, burn, agent, chip, refug, calv, schwarz, team, brenn, extern, goal, sugarcan, true, mabr, option, needl, etienn, cell, garcia, year, alen, netlogo, percent, mcda, long, braasch, villamor, silvopastor, ejido, barrel, tubewel, cumberland, solo, pin, sharehold, neighbour, phenophas, rangeland, qualit, davidson, litter, betaest, tdec, freedom, pico, rotat, homoscedast, germin, load, energet, prefer, lattic, credibl, hoo, interviewe, mackinnon, gunderson, deliber, scenario, simul, california, roland, apc, vulgata, produc, phosphorus, particip, inmfccp, visit, stand, viswanathan, reject, trespass, cruz, berthet, galafassi, oocarpa, noordwijk, bouamran, turpentin, sepultura, tenn, negoti, espinosa, loge, terziotti, indfccp, moma, nort, unconstrain, compost, cirm, residu, filatova, marttunen, buyer, product, colbach, say, boot, bgcmuso, realism, nitrogen, bacip, consequ, deal, mucus, suwstor, qingtu, mappabl, saad, quiz, watto, involv, bousquet, lid, hernández, pyke, model, vacuum, moral, suia, joint, tenza, pronatura, datalay, nashvill, mugera, guevara, calabria, understori, wilenski, taboo, gauss, barren, phosphat, nonlinear, mustajoki, satisfic",,"0.007, 0.006, 0.005, 0.005, 0.004, 0.004, 0.004, 0.004, 0.004, 0.003, 0.003, 0.003, 0.003, 0.003, 0.003, 0.003, 0.003, 0.002, 0.002, 0.002, 0.002, 0.001, 0.001, 0.001, 0.001, 0.001, 0.001, 0.001, 0.001, 0.001, 0.001, 0.001, 0.001, 0.001, 0.001, 0.001, 0.001, 0.001, 0.001, 0.001, 0.001, 0.001, 0.001, 0.001, 0.001, 0.001, 0.001, 0.001, 0.001, 0.001, 0.001, 0.001, 0.001, 0.001, 0.001, 0.001, 0.001, 0.001, 0.001, 0.001, 0.001, 0.001, 0.001, 0.001, 0.001, 0.001, 0.001, 0.001, 0.001, 0.001, 0.001, 0.000, 0.000, 0.000, 0.000, 0.000, 0.000, 0.000, 0.000, 0.000, 0.000, 0.000, 0.000, 0.000, 0.000, 0.000, 0.000, 0.000, 0.000, 0.000, 0.000, 0.000, 0.000, 0.000, 0.000, 0.000, 0.000, 0.000, 0.000, 0.000, 0.000, 0.000, 0.000, 0.000, 0.000, 0.000, 0.000, 0.000, 0.000, 0.000, 0.000, 0.000, 0.000, 0.000, 0.000, 0.000, 0.000, 0.000, 0.000, 0.000, 0.000, 0.000, 0.000, 0.000, 0.000, 0.000, 0.000, 0.000, 0.000, 0.000, 0.000, 0.000, 0.000, 0.000, 0.000, 0.000, 0.000, 0.000, 0.000, 0.000, 0.000, 0.000, 0.000, 0.000, 0.000, 0.000, 0.000, 0.000, 0.000, 0.000, 0.000, 0.000, 0.000, 0.000, 0.000, 0.000, 0.000, 0.000, 0.000, 0.000, 0.000, 0.000, 0.000, 0.000, 0.000, 0.000, 0.000, 0.000, 0.000, 0.000, 0.000, 0.000, 0.000, 0.000, 0.000, 0.000, 0.000, 0.000, 0.000, 0.000, 0.000, 0.000, 0.000, 0.000, 0.000, 0.000, 0.000, 0.000, 0.000, 0.000, 0.000, 0.000, 0.000, 0.000, 0.000, 0.000, 0.000, 0.000, 0.000, 0.000"
17,10,"microcystin, detach, rill, cargo, thaw, particl, toxin, freez, soil, pore, liquefact, eri, mire, rootstock, advisori, colt, aggreg, avli, chab, capsiz, scion, road, hydromulch, bulk, woodchip, bing, cohes, lapin, ohio, rate, erod, parhizkar, tracker, liquefi, nickel, slope, aapa, flark, cyanotoxin, poros, phreatic, stumpf, gradat, imsbc, glerl, chlorophyl, shear, acap, content, suffus, pofd, ciglr, arya, satur, poncena, size, ψmidday, laurentina, trefgreen, intracellular, hyprop, wynn, mammal, tdri, forestland, wick, spur, migrat, cyano, cfnn, geomembran, mohajerani, void, munro, sorbitol, kranenburg, water, swrc, vessel, freita, gradient, increas, hydraul, scum, loess, length, twet, ψpre, matchup, nautic, kreaki, swrcs, capac, hindcast, stockpil, cyclic, cwsis, anisohydr, shift, nodc, pardini, geotechn, kunigel, purpl, eros, diamet, moistur, extracellular, dulci, captain, aptb, pari, bauxit, fractal, caucaia, densiti, flume, prunus, generalist, inhomogen, hass, unfreez, rosetta, apta, hatx, mason, dawn, maume, sucros, vinton, hollist, caus, brusseau, transport, fvcom, peptid, hancock, finer, raphidiopsi, benson, mile, suction, sswc, tube, crewmen, adult, costanza, lodhi, iron, nose, threshold, waveguid, lagrangian, nonfrozen, kanto, leof, abraxi, ohioseagr, egan, critic, haverkamp, hydroscap, fen, rinta, coutti, reeffect, weynant, sphagnum, graft, swell, fraction, charter, concentr, list, flow, niskin, nimmo, isohydr, philippin, effect, straw, partial, club, euptfv, grain, survivor, wepp, rzymski, accusand, potenti, parlang, aeruginosa, tahvanainen, cyanobacteri, condit, crew, sfcc, proctor, maritim, guilan",,"0.008, 0.006, 0.005, 0.005, 0.004, 0.003, 0.003, 0.002, 0.002, 0.002, 0.002, 0.002, 0.002, 0.001, 0.001, 0.001, 0.001, 0.001, 0.001, 0.001, 0.001, 0.001, 0.001, 0.001, 0.001, 0.001, 0.001, 0.001, 0.001, 0.001, 0.001, 0.001, 0.001, 0.001, 0.001, 0.001, 0.001, 0.000, 0.000, 0.000, 0.000, 0.000, 0.000, 0.000, 0.000, 0.000, 0.000, 0.000, 0.000, 0.000, 0.000, 0.000, 0.000, 0.000, 0.000, 0.000, 0.000, 0.000, 0.000, 0.000, 0.000, 0.000, 0.000, 0.000, 0.000, 0.000, 0.000, 0.000, 0.000, 0.000, 0.000, 0.000, 0.000, 0.000, 0.000, 0.000, 0.000, 0.000, 0.000, 0.000, 0.000, 0.000, 0.000, 0.000, 0.000, 0.000, 0.000, 0.000, 0.000, 0.000, 0.000, 0.000, 0.000, 0.000, 0.000, 0.000, 0.000, 0.000, 0.000, 0.000, 0.000, 0.000, 0.000, 0.000, 0.000, 0.000, 0.000, 0.000, 0.000, 0.000, 0.000, 0.000, 0.000, 0.000, 0.000, 0.000, 0.000, 0.000, 0.000, 0.000, 0.000, 0.000, 0.000, 0.000, 0.000, 0.000, 0.000, 0.000, 0.000, 0.000, 0.000, 0.000, 0.000, 0.000, 0.000, 0.000, 0.000, 0.000, 0.000, 0.000, 0.000, 0.000, 0.000, 0.000, 0.000, 0.000, 0.000, 0.000, 0.000, 0.000, 0.000, 0.000, 0.000, 0.000, 0.000, 0.000, 0.000, 0.000, 0.000, 0.000, 0.000, 0.000, 0.000, 0.000, 0.000, 0.000, 0.000, 0.000, 0.000, 0.000, 0.000, 0.000, 0.000, 0.000, 0.000, 0.000, 0.000, 0.000, 0.000, 0.000, 0.000, 0.000, 0.000, 0.000, 0.000, 0.000, 0.000, 0.000, 0.000, 0.000, 0.000, 0.000, 0.000, 0.000, 0.000, 0.000, 0.000, 0.000, 0.000, 0.000"
18,6,"puffin, flash, swmm, subcatch, pyrazin, href, sref, fen, sidebar, hrrr, timeseri, shini, menu, slider, tgfcnn, rvfl, nowcast, mdmp, roanok, musti, trmp, swmmr, rnomad, otc, odor, blockchain, hover, ibmp, forecast, shinyapp, reshap, lee, bowman, ipmp, earthi, tooltip, yellow, qpso, thunderstorm, dod, wgrib, checkbox, brendel, cursor, reactiv, nac, phas, dag, ano, flood, dropdown, autonowcast, scnn, temp, bahe, boxplot, grad, cdtreeen, qingh, isx, reptre, bigbadcrad, nomad, grib, lenet, ncep, nmmb, leutnant, rfcdmt, virginia, toggl, tiron, anc, csip, michael, methoxi, district, neat, requisit, accessor, mysql, rsspart, alaska, sensori, hail, dahongmen, fcfs, hydraul, nssl, sweet, menus, schellart, guam, hrrrv, hidromet, rapv, getdodsd, dodsgrab, wielgosz, encog, fayoum, citi, breed, javier, proactiv, peak, sharif, galloway, gourley, puerto, oner, refresh, rossman, quannan, rico, suha, torrenti, nexus, ggplot, binh, quang, noc, nutti, sniffer, abpart, serafin, ensembl, orc, fluvial, ffsm, roast, symbol, cdtree, whisker, bpart, dpart, immedi, toposhad, mrms, mdtree, probabilist, urban, alkyl, tech, dowel, hosner, burlingam, jsonlit, espada, nexi, gffg, corrigan, purrr, dongquan, floodproof, sfsmisc, rvest, blaylock, mcclung, schleiss, mcqueen, plyr, veldhui, beverag, brocker, chahinian, raymond, cifelli, member, wesley, habibi, geosmin, bangkok, gallo, strathmann, nîmes, overwrit, bankful, rgeo, feather, tsihrintzi, wuebbl, scai, geospher, page, naka, conceiv, montero, rafieeinasab, nonhydrostat, henonin, dalla, hapuarachchi, scrap, yoon, floodwat, hawaii, colorblind, horel, chittum",,"0.013, 0.009, 0.009, 0.003, 0.002, 0.002, 0.002, 0.001, 0.001, 0.001, 0.001, 0.001, 0.001, 0.001, 0.001, 0.001, 0.001, 0.001, 0.001, 0.001, 0.001, 0.000, 0.000, 0.000, 0.000, 0.000, 0.000, 0.000, 0.000, 0.000, 0.000, 0.000, 0.000, 0.000, 0.000, 0.000, 0.000, 0.000, 0.000, 0.000, 0.000, 0.000, 0.000, 0.000, 0.000, 0.000, 0.000, 0.000, 0.000, 0.000, 0.000, 0.000, 0.000, 0.000, 0.000, 0.000, 0.000, 0.000, 0.000, 0.000, 0.000, 0.000, 0.000, 0.000, 0.000, 0.000, 0.000, 0.000, 0.000, 0.000, 0.000, 0.000, 0.000, 0.000, 0.000, 0.000, 0.000, 0.000, 0.000, 0.000, 0.000, 0.000, 0.000, 0.000, 0.000, 0.000, 0.000, 0.000, 0.000, 0.000, 0.000, 0.000, 0.000, 0.000, 0.000, 0.000, 0.000, 0.000, 0.000, 0.000, 0.000, 0.000, 0.000, 0.000, 0.000, 0.000, 0.000, 0.000, 0.000, 0.000, 0.000, 0.000, 0.000, 0.000, 0.000, 0.000, 0.000, 0.000, 0.000, 0.000, 0.000, 0.000, 0.000, 0.000, 0.000, 0.000, 0.000, 0.000, 0.000, 0.000, 0.000, 0.000, 0.000, 0.000, 0.000, 0.000, 0.000, 0.000, 0.000, 0.000, 0.000, 0.000, 0.000, 0.000, 0.000, 0.000, 0.000, 0.000, 0.000, 0.000, 0.000, 0.000, 0.000, 0.000, 0.000, 0.000, 0.000, 0.000, 0.000, 0.000, 0.000, 0.000, 0.000, 0.000, 0.000, 0.000, 0.000, 0.000, 0.000, 0.000, 0.000, 0.000, 0.000, 0.000, 0.000, 0.000, 0.000, 0.000, 0.000, 0.000, 0.000, 0.000, 0.000, 0.000, 0.000, 0.000, 0.000, 0.000, 0.000, 0.000, 0.000, 0.000, 0.000, 0.000, 0.000, 0.000, 0.000, 0.000, 0.000, 0.000"
19,0,"trait, irod, quota, hydroshar, modal, multifract, feeder, feder, javanica, pynita, slll, cutov, harvestchoic, sdul, bagit, zone, scraper, partner, soilgrid, proxi, glyphos, agrochem, gijsman, piercer, nir, django, zip, srgf, gyga, mpcon, rootabl, awc, lovejoy, malaria, heino, forio, coca, syld, cyvers, laughlin, usseglio, polatera, tana, leenaar, intraspecif, lavorel, dgvms, ethiopian, timber, avus, nogueira, solr, leyt, wosi, chrysodonta, statzner, pittaki, dile, sllls, peey, tekleab, violl, tilahun, overdispers, smosmania, monofract, mhcon, schertzer, checksum, locomot, arguello, schmera, tachet, shredder, twig, filt, baetida, gebrehiwot, uncrit, monaghan, philippin, uruguayan, jaurena, ifpri, ssat, patchcohes, garnier, scheiter, pedo, setegn, ssks, eunjin, sandclayl, afsoilgrid, nita, alonzo, bonada, gerd, bayabil, boet, owner, nile, ndarvi, ndvire, kloiber, steenhui, valuechang, abad, ecosystem, bahir, heuvelink, hartvig, kelmet, chlength, pilliga, mesozooplankton, renaiss, bhattacharje, gibert, jeltsch, isric, westobi, rhea, vhemb, ethnobotan, lippia, tebebu, chalar, brogna, hurni, folberth, peyruss, funk, dgvm, zaitchik, ethiopia, sead, requestor, boyko, dcmi, ncsa, lucen, datanet, prepackag, hünich, dataf, pfefferkorn, sukhija, dropbox, afsi, brochier, sude, traitspac, jaffré, doledec, butsel, bolam, tchakont, pledger, poliquit, khedhri, aazami, ometo, rissah, radam, euri, cameroonian, handnet, guilpart, tomanova, talavera, tupinamba, bfar, abaca, jorcin, sinahon, pletcher, merchant, icommand, hane, renci, vlir, debr, contagion, bowlbi, marlin, dolédec, verrier, pineappl, gayraud, mondi, dedieu, globalsoilmap, verbesselt, bruggeman, tay, malonzo, postdistmag, fcut, mainlength",,"0.016, 0.011, 0.003, 0.002, 0.002, 0.002, 0.001, 0.001, 0.001, 0.001, 0.001, 0.001, 0.001, 0.001, 0.001, 0.001, 0.001, 0.001, 0.001, 0.001, 0.001, 0.000, 0.000, 0.000, 0.000, 0.000, 0.000, 0.000, 0.000, 0.000, 0.000, 0.000, 0.000, 0.000, 0.000, 0.000, 0.000, 0.000, 0.000, 0.000, 0.000, 0.000, 0.000, 0.000, 0.000, 0.000, 0.000, 0.000, 0.000, 0.000, 0.000, 0.000, 0.000, 0.000, 0.000, 0.000, 0.000, 0.000, 0.000, 0.000, 0.000, 0.000, 0.000, 0.000, 0.000, 0.000, 0.000, 0.000, 0.000, 0.000, 0.000, 0.000, 0.000, 0.000, 0.000, 0.000, 0.000, 0.000, 0.000, 0.000, 0.000, 0.000, 0.000, 0.000, 0.000, 0.000, 0.000, 0.000, 0.000, 0.000, 0.000, 0.000, 0.000, 0.000, 0.000, 0.000, 0.000, 0.000, 0.000, 0.000, 0.000, 0.000, 0.000, 0.000, 0.000, 0.000, 0.000, 0.000, 0.000, 0.000, 0.000, 0.000, 0.000, 0.000, 0.000, 0.000, 0.000, 0.000, 0.000, 0.000, 0.000, 0.000, 0.000, 0.000, 0.000, 0.000, 0.000, 0.000, 0.000, 0.000, 0.000, 0.000, 0.000, 0.000, 0.000, 0.000, 0.000, 0.000, 0.000, 0.000, 0.000, 0.000, 0.000, 0.000, 0.000, 0.000, 0.000, 0.000, 0.000, 0.000, 0.000, 0.000, 0.000, 0.000, 0.000, 0.000, 0.000, 0.000, 0.000, 0.000, 0.000, 0.000, 0.000, 0.000, 0.000, 0.000, 0.000, 0.000, 0.000, 0.000, 0.000, 0.000, 0.000, 0.000, 0.000, 0.000, 0.000, 0.000, 0.000, 0.000, 0.000, 0.000, 0.000, 0.000, 0.000, 0.000, 0.000, 0.000, 0.000, 0.000, 0.000, 0.000, 0.000, 0.000, 0.000, 0.000, 0.000, 0.000, 0.000, 0.000"
