year,link
2023,https://www.sciencedirect.com/journal/ocean-engineering/vol/284/suppl/C
2023,https://www.sciencedirect.com/journal/ocean-engineering/vol/283/suppl/C
2023,https://www.sciencedirect.com/journal/ocean-engineering/vol/282/suppl/C
2023,https://www.sciencedirect.com/journal/ocean-engineering/vol/281/suppl/C
2023,https://www.sciencedirect.com/journal/ocean-engineering/vol/280/suppl/C
2023,https://www.sciencedirect.com/journal/ocean-engineering/vol/279/suppl/C
2023,https://www.sciencedirect.com/journal/ocean-engineering/vol/278/suppl/C
2023,https://www.sciencedirect.com/journal/ocean-engineering/vol/277/suppl/C
2023,https://www.sciencedirect.com/journal/ocean-engineering/vol/276/suppl/C
2023,https://www.sciencedirect.com/journal/ocean-engineering/vol/275/suppl/C
2023,https://www.sciencedirect.com/journal/ocean-engineering/vol/274/suppl/C
2023,https://www.sciencedirect.com/journal/ocean-engineering/vol/273/suppl/C
2023,https://www.sciencedirect.com/journal/ocean-engineering/vol/272/suppl/C
2023,https://www.sciencedirect.com/journal/ocean-engineering/vol/271/suppl/C
2023,https://www.sciencedirect.com/journal/ocean-engineering/vol/270/suppl/C
2023,https://www.sciencedirect.com/journal/ocean-engineering/vol/269/suppl/C
2023,https://www.sciencedirect.com/journal/ocean-engineering/vol/268/suppl/C
2023,https://www.sciencedirect.com/journal/ocean-engineering/vol/267/suppl/C
2022,https://www.sciencedirect.com/journal/ocean-engineering/vol/266/part/P5
2022,https://www.sciencedirect.com/journal/ocean-engineering/vol/266/part/P4
2022,https://www.sciencedirect.com/journal/ocean-engineering/vol/266/part/P3
2022,https://www.sciencedirect.com/journal/ocean-engineering/vol/266/part/P2
2022,https://www.sciencedirect.com/journal/ocean-engineering/vol/266/part/P1
2022,https://www.sciencedirect.com/journal/ocean-engineering/vol/265/suppl/C
2022,https://www.sciencedirect.com/journal/ocean-engineering/vol/264/suppl/C
2022,https://www.sciencedirect.com/journal/ocean-engineering/vol/263/suppl/C
2022,https://www.sciencedirect.com/journal/ocean-engineering/vol/262/suppl/C
2022,https://www.sciencedirect.com/journal/ocean-engineering/vol/261/suppl/C
2022,https://www.sciencedirect.com/journal/ocean-engineering/vol/260/suppl/C
2022,https://www.sciencedirect.com/journal/ocean-engineering/vol/259/suppl/C
2022,https://www.sciencedirect.com/journal/ocean-engineering/vol/258/suppl/C
2022,https://www.sciencedirect.com/journal/ocean-engineering/vol/257/suppl/C
2022,https://www.sciencedirect.com/journal/ocean-engineering/vol/256/suppl/C
2022,https://www.sciencedirect.com/journal/ocean-engineering/vol/255/suppl/C
2022,https://www.sciencedirect.com/journal/ocean-engineering/vol/254/suppl/C
2022,https://www.sciencedirect.com/journal/ocean-engineering/vol/253/suppl/C
2022,https://www.sciencedirect.com/journal/ocean-engineering/vol/252/suppl/C
2022,https://www.sciencedirect.com/journal/ocean-engineering/vol/251/suppl/C
2022,https://www.sciencedirect.com/journal/ocean-engineering/vol/250/suppl/C
2022,https://www.sciencedirect.com/journal/ocean-engineering/vol/249/suppl/C
2022,https://www.sciencedirect.com/journal/ocean-engineering/vol/248/suppl/C
2022,https://www.sciencedirect.com/journal/ocean-engineering/vol/247/suppl/C
2022,https://www.sciencedirect.com/journal/ocean-engineering/vol/246/suppl/C
2022,https://www.sciencedirect.com/journal/ocean-engineering/vol/245/suppl/C
2022,https://www.sciencedirect.com/journal/ocean-engineering/vol/244/suppl/C
2022,https://www.sciencedirect.com/journal/ocean-engineering/vol/243/suppl/C
2021,https://www.sciencedirect.com/journal/ocean-engineering/vol/242/suppl/C
2021,https://www.sciencedirect.com/journal/ocean-engineering/vol/241/suppl/C
2021,https://www.sciencedirect.com/journal/ocean-engineering/vol/240/suppl/C
2021,https://www.sciencedirect.com/journal/ocean-engineering/vol/239/suppl/C
2021,https://www.sciencedirect.com/journal/ocean-engineering/vol/238/suppl/C
2021,https://www.sciencedirect.com/journal/ocean-engineering/vol/237/suppl/C
2021,https://www.sciencedirect.com/journal/ocean-engineering/vol/236/suppl/C
2021,https://www.sciencedirect.com/journal/ocean-engineering/vol/235/suppl/C
2021,https://www.sciencedirect.com/journal/ocean-engineering/vol/234/suppl/C
2021,https://www.sciencedirect.com/journal/ocean-engineering/vol/233/suppl/C
2021,https://www.sciencedirect.com/journal/ocean-engineering/vol/232/suppl/C
2021,https://www.sciencedirect.com/journal/ocean-engineering/vol/231/suppl/C
2021,https://www.sciencedirect.com/journal/ocean-engineering/vol/230/suppl/C
2021,https://www.sciencedirect.com/journal/ocean-engineering/vol/229/suppl/C
2021,https://www.sciencedirect.com/journal/ocean-engineering/vol/228/suppl/C
2021,https://www.sciencedirect.com/journal/ocean-engineering/vol/227/suppl/C
2021,https://www.sciencedirect.com/journal/ocean-engineering/vol/226/suppl/C
2021,https://www.sciencedirect.com/journal/ocean-engineering/vol/225/suppl/C
2021,https://www.sciencedirect.com/journal/ocean-engineering/vol/224/suppl/C
2021,https://www.sciencedirect.com/journal/ocean-engineering/vol/223/suppl/C
2021,https://www.sciencedirect.com/journal/ocean-engineering/vol/222/suppl/C
2021,https://www.sciencedirect.com/journal/ocean-engineering/vol/221/suppl/C
2021,https://www.sciencedirect.com/journal/ocean-engineering/vol/220/suppl/C
2021,https://www.sciencedirect.com/journal/ocean-engineering/vol/219/suppl/C
2020,https://www.sciencedirect.com/journal/ocean-engineering/vol/218/suppl/C
2020,https://www.sciencedirect.com/journal/ocean-engineering/vol/217/suppl/C
2020,https://www.sciencedirect.com/journal/ocean-engineering/vol/216/suppl/C
2020,https://www.sciencedirect.com/journal/ocean-engineering/vol/215/suppl/C
2020,https://www.sciencedirect.com/journal/ocean-engineering/vol/214/suppl/C
2020,https://www.sciencedirect.com/journal/ocean-engineering/vol/213/suppl/C
2020,https://www.sciencedirect.com/journal/ocean-engineering/vol/212/suppl/C
2020,https://www.sciencedirect.com/journal/ocean-engineering/vol/211/suppl/C
2020,https://www.sciencedirect.com/journal/ocean-engineering/vol/210/suppl/C
2020,https://www.sciencedirect.com/journal/ocean-engineering/vol/209/suppl/C
2020,https://www.sciencedirect.com/journal/ocean-engineering/vol/208/suppl/C
2020,https://www.sciencedirect.com/journal/ocean-engineering/vol/207/suppl/C
2020,https://www.sciencedirect.com/journal/ocean-engineering/vol/206/suppl/C
2020,https://www.sciencedirect.com/journal/ocean-engineering/vol/205/suppl/C
2020,https://www.sciencedirect.com/journal/ocean-engineering/vol/204/suppl/C
2020,https://www.sciencedirect.com/journal/ocean-engineering/vol/203/suppl/C
2020,https://www.sciencedirect.com/journal/ocean-engineering/vol/202/suppl/C
2020,https://www.sciencedirect.com/journal/ocean-engineering/vol/201/suppl/C
2020,https://www.sciencedirect.com/journal/ocean-engineering/vol/200/suppl/C
2020,https://www.sciencedirect.com/journal/ocean-engineering/vol/199/suppl/C
2020,https://www.sciencedirect.com/journal/ocean-engineering/vol/198/suppl/C
2020,https://www.sciencedirect.com/journal/ocean-engineering/vol/197/suppl/C
2020,https://www.sciencedirect.com/journal/ocean-engineering/vol/196/suppl/C
2020,https://www.sciencedirect.com/journal/ocean-engineering/vol/195/suppl/C
2019,https://www.sciencedirect.com/journal/ocean-engineering/vol/194/suppl/C
2019,https://www.sciencedirect.com/journal/ocean-engineering/vol/193/suppl/C
2019,https://www.sciencedirect.com/journal/ocean-engineering/vol/192/suppl/C
2019,https://www.sciencedirect.com/journal/ocean-engineering/vol/191/suppl/C
2019,https://www.sciencedirect.com/journal/ocean-engineering/vol/190/suppl/C
2019,https://www.sciencedirect.com/journal/ocean-engineering/vol/189/suppl/C
2019,https://www.sciencedirect.com/journal/ocean-engineering/vol/188/suppl/C
2019,https://www.sciencedirect.com/journal/ocean-engineering/vol/187/suppl/C
2019,https://www.sciencedirect.com/journal/ocean-engineering/vol/186/suppl/C
2019,https://www.sciencedirect.com/journal/ocean-engineering/vol/185/suppl/C
2019,https://www.sciencedirect.com/journal/ocean-engineering/vol/184/suppl/C
2019,https://www.sciencedirect.com/journal/ocean-engineering/vol/183/suppl/C
2019,https://www.sciencedirect.com/journal/ocean-engineering/vol/182/suppl/C
2019,https://www.sciencedirect.com/journal/ocean-engineering/vol/181/suppl/C
2019,https://www.sciencedirect.com/journal/ocean-engineering/vol/180/suppl/C
2019,https://www.sciencedirect.com/journal/ocean-engineering/vol/179/suppl/C
2019,https://www.sciencedirect.com/journal/ocean-engineering/vol/178/suppl/C
2019,https://www.sciencedirect.com/journal/ocean-engineering/vol/177/suppl/C
2019,https://www.sciencedirect.com/journal/ocean-engineering/vol/176/suppl/C
2019,https://www.sciencedirect.com/journal/ocean-engineering/vol/175/suppl/C
2019,https://www.sciencedirect.com/journal/ocean-engineering/vol/174/suppl/C
2019,https://www.sciencedirect.com/journal/ocean-engineering/vol/173/suppl/C
2019,https://www.sciencedirect.com/journal/ocean-engineering/vol/172/suppl/C
2019,https://www.sciencedirect.com/journal/ocean-engineering/vol/171/suppl/C
2018,https://www.sciencedirect.com/journal/ocean-engineering/vol/170/suppl/C
2018,https://www.sciencedirect.com/journal/ocean-engineering/vol/169/suppl/C
2018,https://www.sciencedirect.com/journal/ocean-engineering/vol/168/suppl/C
2018,https://www.sciencedirect.com/journal/ocean-engineering/vol/167/suppl/C
2018,https://www.sciencedirect.com/journal/ocean-engineering/vol/166/suppl/C
2018,https://www.sciencedirect.com/journal/ocean-engineering/vol/165/suppl/C
2018,https://www.sciencedirect.com/journal/ocean-engineering/vol/164/suppl/C
2018,https://www.sciencedirect.com/journal/ocean-engineering/vol/163/suppl/C
2018,https://www.sciencedirect.com/journal/ocean-engineering/vol/162/suppl/C
2018,https://www.sciencedirect.com/journal/ocean-engineering/vol/161/suppl/C
2018,https://www.sciencedirect.com/journal/ocean-engineering/vol/160/suppl/C
2018,https://www.sciencedirect.com/journal/ocean-engineering/vol/159/suppl/C
2018,https://www.sciencedirect.com/journal/ocean-engineering/vol/158/suppl/C
2018,https://www.sciencedirect.com/journal/ocean-engineering/vol/157/suppl/C
2018,https://www.sciencedirect.com/journal/ocean-engineering/vol/156/suppl/C
2018,https://www.sciencedirect.com/journal/ocean-engineering/vol/155/suppl/C
2018,https://www.sciencedirect.com/journal/ocean-engineering/vol/154/suppl/C
2018,https://www.sciencedirect.com/journal/ocean-engineering/vol/153/suppl/C
2018,https://www.sciencedirect.com/journal/ocean-engineering/vol/152/suppl/C
2018,https://www.sciencedirect.com/journal/ocean-engineering/vol/151/suppl/C
2018,https://www.sciencedirect.com/journal/ocean-engineering/vol/150/suppl/C
2018,https://www.sciencedirect.com/journal/ocean-engineering/vol/149/suppl/C
2018,https://www.sciencedirect.com/journal/ocean-engineering/vol/148/suppl/C
2018,https://www.sciencedirect.com/journal/ocean-engineering/vol/147/suppl/C
2017,https://www.sciencedirect.com/journal/ocean-engineering/vol/146/suppl/C
2017,https://www.sciencedirect.com/journal/ocean-engineering/vol/145/suppl/C
2017,https://www.sciencedirect.com/journal/ocean-engineering/vol/144/suppl/C
2017,https://www.sciencedirect.com/journal/ocean-engineering/vol/143/suppl/C
2017,https://www.sciencedirect.com/journal/ocean-engineering/vol/142/suppl/C
2017,https://www.sciencedirect.com/journal/ocean-engineering/vol/141/suppl/C
2017,https://www.sciencedirect.com/journal/ocean-engineering/vol/140/suppl/C
2017,https://www.sciencedirect.com/journal/ocean-engineering/vol/139/suppl/C
2017,https://www.sciencedirect.com/journal/ocean-engineering/vol/138/suppl/C
2017,https://www.sciencedirect.com/journal/ocean-engineering/vol/137/suppl/C
2017,https://www.sciencedirect.com/journal/ocean-engineering/vol/136/suppl/C
2017,https://www.sciencedirect.com/journal/ocean-engineering/vol/135/suppl/C
2017,https://www.sciencedirect.com/journal/ocean-engineering/vol/134/suppl/C
2017,https://www.sciencedirect.com/journal/ocean-engineering/vol/133/suppl/C
2017,https://www.sciencedirect.com/journal/ocean-engineering/vol/132/suppl/C
2017,https://www.sciencedirect.com/journal/ocean-engineering/vol/131/suppl/C
2017,https://www.sciencedirect.com/journal/ocean-engineering/vol/130/suppl/C
2017,https://www.sciencedirect.com/journal/ocean-engineering/vol/129/suppl/C
2016,https://www.sciencedirect.com/journal/ocean-engineering/vol/128/suppl/C
2016,https://www.sciencedirect.com/journal/ocean-engineering/vol/127/suppl/C
2016,https://www.sciencedirect.com/journal/ocean-engineering/vol/126/suppl/C
2016,https://www.sciencedirect.com/journal/ocean-engineering/vol/125/suppl/C
2016,https://www.sciencedirect.com/journal/ocean-engineering/vol/124/suppl/C
2016,https://www.sciencedirect.com/journal/ocean-engineering/vol/124/suppl/C
2016,https://www.sciencedirect.com/journal/ocean-engineering/vol/123/suppl/C
2016,https://www.sciencedirect.com/journal/ocean-engineering/vol/122/suppl/C
2016,https://www.sciencedirect.com/journal/ocean-engineering/vol/121/suppl/C
2016,https://www.sciencedirect.com/journal/ocean-engineering/vol/120/suppl/C
2016,https://www.sciencedirect.com/journal/ocean-engineering/vol/119/suppl/C
2016,https://www.sciencedirect.com/journal/ocean-engineering/vol/118/suppl/C
2016,https://www.sciencedirect.com/journal/ocean-engineering/vol/117/suppl/C
2016,https://www.sciencedirect.com/journal/ocean-engineering/vol/116/suppl/C
2016,https://www.sciencedirect.com/journal/ocean-engineering/vol/115/suppl/C
2016,https://www.sciencedirect.com/journal/ocean-engineering/vol/114/suppl/C
2016,https://www.sciencedirect.com/journal/ocean-engineering/vol/113/suppl/C
2016,https://www.sciencedirect.com/journal/ocean-engineering/vol/112/suppl/C
2016,https://www.sciencedirect.com/journal/ocean-engineering/vol/111/suppl/C
2015,https://www.sciencedirect.com/journal/ocean-engineering/vol/110/part/PB
2015,https://www.sciencedirect.com/journal/ocean-engineering/vol/110/part/PA
2015,https://www.sciencedirect.com/journal/ocean-engineering/vol/109/suppl/C
2015,https://www.sciencedirect.com/journal/ocean-engineering/vol/108/suppl/C
2015,https://www.sciencedirect.com/journal/ocean-engineering/vol/107/suppl/C
2015,https://www.sciencedirect.com/journal/ocean-engineering/vol/106/suppl/C
2015,https://www.sciencedirect.com/journal/ocean-engineering/vol/105/suppl/C
2015,https://www.sciencedirect.com/journal/ocean-engineering/vol/104/suppl/C
2015,https://www.sciencedirect.com/journal/ocean-engineering/vol/103/suppl/C
2015,https://www.sciencedirect.com/journal/ocean-engineering/vol/102/suppl/C
2015,https://www.sciencedirect.com/journal/ocean-engineering/vol/101/suppl/C
2015,https://www.sciencedirect.com/journal/ocean-engineering/vol/100/suppl/C
2015,https://www.sciencedirect.com/journal/ocean-engineering/vol/99/suppl/C
2015,https://www.sciencedirect.com/journal/ocean-engineering/vol/98/suppl/C
2015,https://www.sciencedirect.com/journal/ocean-engineering/vol/97/suppl/C
2015,https://www.sciencedirect.com/journal/ocean-engineering/vol/96/suppl/C
2015,https://www.sciencedirect.com/journal/ocean-engineering/vol/95/suppl/C
2015,https://www.sciencedirect.com/journal/ocean-engineering/vol/94/suppl/C
2015,https://www.sciencedirect.com/journal/ocean-engineering/vol/93/suppl/C
2014,https://www.sciencedirect.com/journal/ocean-engineering/vol/92/suppl/C
2014,https://www.sciencedirect.com/journal/ocean-engineering/vol/91/suppl/C
2014,https://www.sciencedirect.com/journal/ocean-engineering/vol/90/suppl/C
2014,https://www.sciencedirect.com/journal/ocean-engineering/vol/89/suppl/C
2014,https://www.sciencedirect.com/journal/ocean-engineering/vol/88/suppl/C
2014,https://www.sciencedirect.com/journal/ocean-engineering/vol/87/suppl/C
2014,https://www.sciencedirect.com/journal/ocean-engineering/vol/86/suppl/C
2014,https://www.sciencedirect.com/journal/ocean-engineering/vol/85/suppl/C
2014,https://www.sciencedirect.com/journal/ocean-engineering/vol/84/suppl/C
2014,https://www.sciencedirect.com/journal/ocean-engineering/vol/83/suppl/C
2014,https://www.sciencedirect.com/journal/ocean-engineering/vol/82/suppl/C
2014,https://www.sciencedirect.com/journal/ocean-engineering/vol/81/suppl/C
2014,https://www.sciencedirect.com/journal/ocean-engineering/vol/80/suppl/C
2014,https://www.sciencedirect.com/journal/ocean-engineering/vol/79/suppl/C
2014,https://www.sciencedirect.com/journal/ocean-engineering/vol/78/suppl/C
2014,https://www.sciencedirect.com/journal/ocean-engineering/vol/77/suppl/C
2014,https://www.sciencedirect.com/journal/ocean-engineering/vol/76/suppl/C
2014,https://www.sciencedirect.com/journal/ocean-engineering/vol/75/suppl/C
2013,https://www.sciencedirect.com/journal/ocean-engineering/vol/74/suppl/C
2013,https://www.sciencedirect.com/journal/ocean-engineering/vol/73/suppl/C
2013,https://www.sciencedirect.com/journal/ocean-engineering/vol/72/suppl/C
2013,https://www.sciencedirect.com/journal/ocean-engineering/vol/71/suppl/C
2013,https://www.sciencedirect.com/journal/ocean-engineering/vol/70/suppl/C
2013,https://www.sciencedirect.com/journal/ocean-engineering/vol/69/suppl/C
2013,https://www.sciencedirect.com/journal/ocean-engineering/vol/68/suppl/C
2013,https://www.sciencedirect.com/journal/ocean-engineering/vol/67/suppl/C
2013,https://www.sciencedirect.com/journal/ocean-engineering/vol/66/suppl/C
2013,https://www.sciencedirect.com/journal/ocean-engineering/vol/65/suppl/C
2013,https://www.sciencedirect.com/journal/ocean-engineering/vol/64/suppl/C
2013,https://www.sciencedirect.com/journal/ocean-engineering/vol/63/suppl/C
2013,https://www.sciencedirect.com/journal/ocean-engineering/vol/62/suppl/C
2013,https://www.sciencedirect.com/journal/ocean-engineering/vol/61/suppl/C
2013,https://www.sciencedirect.com/journal/ocean-engineering/vol/60/suppl/C
2013,https://www.sciencedirect.com/journal/ocean-engineering/vol/59/suppl/C
2013,https://www.sciencedirect.com/journal/ocean-engineering/vol/58/suppl/C
2013,https://www.sciencedirect.com/journal/ocean-engineering/vol/57/suppl/C
2012,https://www.sciencedirect.com/journal/ocean-engineering/vol/56/suppl/C
2012,https://www.sciencedirect.com/journal/ocean-engineering/vol/55/suppl/C
2012,https://www.sciencedirect.com/journal/ocean-engineering/vol/54/suppl/C
2012,https://www.sciencedirect.com/journal/ocean-engineering/vol/53/suppl/C
2012,https://www.sciencedirect.com/journal/ocean-engineering/vol/52/suppl/C
2012,https://www.sciencedirect.com/journal/ocean-engineering/vol/51/suppl/C
2012,https://www.sciencedirect.com/journal/ocean-engineering/vol/50/suppl/C
2012,https://www.sciencedirect.com/journal/ocean-engineering/vol/49/suppl/C
2012,https://www.sciencedirect.com/journal/ocean-engineering/vol/48/suppl/C
2012,https://www.sciencedirect.com/journal/ocean-engineering/vol/47/suppl/C
2012,https://www.sciencedirect.com/journal/ocean-engineering/vol/46/suppl/C
2012,https://www.sciencedirect.com/journal/ocean-engineering/vol/45/suppl/C
2012,https://www.sciencedirect.com/journal/ocean-engineering/vol/44/suppl/C
2012,https://www.sciencedirect.com/journal/ocean-engineering/vol/43/suppl/C
2012,https://www.sciencedirect.com/journal/ocean-engineering/vol/42/suppl/C
2012,https://www.sciencedirect.com/journal/ocean-engineering/vol/41/suppl/C
2012,https://www.sciencedirect.com/journal/ocean-engineering/vol/40/suppl/C
2012,https://www.sciencedirect.com/journal/ocean-engineering/vol/39/suppl/C
2011,https://www.sciencedirect.com/journal/ocean-engineering/vol/38/issue/17
2011,https://www.sciencedirect.com/journal/ocean-engineering/vol/38/issue/16
2011,https://www.sciencedirect.com/journal/ocean-engineering/vol/38/issue/14
2011,https://www.sciencedirect.com/journal/ocean-engineering/vol/38/issue/13
2011,https://www.sciencedirect.com/journal/ocean-engineering/vol/38/issue/11
2011,https://www.sciencedirect.com/journal/ocean-engineering/vol/38/issue/10
2011,https://www.sciencedirect.com/journal/ocean-engineering/vol/38/issue/8
2011,https://www.sciencedirect.com/journal/ocean-engineering/vol/38/issue/7
2011,https://www.sciencedirect.com/journal/ocean-engineering/vol/38/issue/5
2011,https://www.sciencedirect.com/journal/ocean-engineering/vol/38/issue/4
2011,https://www.sciencedirect.com/journal/ocean-engineering/vol/38/issue/2
2011,https://www.sciencedirect.com/journal/ocean-engineering/vol/38/issue/1
2010,https://www.sciencedirect.com/journal/ocean-engineering/vol/37/issue/17
2010,https://www.sciencedirect.com/journal/ocean-engineering/vol/37/issue/16
2010,https://www.sciencedirect.com/journal/ocean-engineering/vol/37/issue/14
2010,https://www.sciencedirect.com/journal/ocean-engineering/vol/37/issue/13
2010,https://www.sciencedirect.com/journal/ocean-engineering/vol/37/issue/11
2010,https://www.sciencedirect.com/journal/ocean-engineering/vol/37/issue/10
2010,https://www.sciencedirect.com/journal/ocean-engineering/vol/37/issue/8
2010,https://www.sciencedirect.com/journal/ocean-engineering/vol/37/issue/7
2010,https://www.sciencedirect.com/journal/ocean-engineering/vol/37/issue/5
2010,https://www.sciencedirect.com/journal/ocean-engineering/vol/37/issue/4
2010,https://www.sciencedirect.com/journal/ocean-engineering/vol/37/issue/2
2010,https://www.sciencedirect.com/journal/ocean-engineering/vol/37/issue/1
2009,https://www.sciencedirect.com/journal/ocean-engineering/vol/36/issue/17
2009,https://www.sciencedirect.com/journal/ocean-engineering/vol/36/issue/15
2009,https://www.sciencedirect.com/journal/ocean-engineering/vol/36/issue/14
2009,https://www.sciencedirect.com/journal/ocean-engineering/vol/36/issue/12
2009,https://www.sciencedirect.com/journal/ocean-engineering/vol/36/issue/11
2009,https://www.sciencedirect.com/journal/ocean-engineering/vol/36/issue/9
2009,https://www.sciencedirect.com/journal/ocean-engineering/vol/36/issue/8
2009,https://www.sciencedirect.com/journal/ocean-engineering/vol/36/issue/6
2009,https://www.sciencedirect.com/journal/ocean-engineering/vol/36/issue/5
2009,https://www.sciencedirect.com/journal/ocean-engineering/vol/36/issue/3
2009,https://www.sciencedirect.com/journal/ocean-engineering/vol/36/issue/2
2009,https://www.sciencedirect.com/journal/ocean-engineering/vol/36/issue/1
2008,https://www.sciencedirect.com/journal/ocean-engineering/vol/35/issue/17
2008,https://www.sciencedirect.com/journal/ocean-engineering/vol/35/issue/16
2008,https://www.sciencedirect.com/journal/ocean-engineering/vol/35/issue/14
2008,https://www.sciencedirect.com/journal/ocean-engineering/vol/35/issue/13
2008,https://www.sciencedirect.com/journal/ocean-engineering/vol/35/issue/11
2008,https://www.sciencedirect.com/journal/ocean-engineering/vol/35/issue/10
2008,https://www.sciencedirect.com/journal/ocean-engineering/vol/35/issue/8
2008,https://www.sciencedirect.com/journal/ocean-engineering/vol/35/issue/7
2008,https://www.sciencedirect.com/journal/ocean-engineering/vol/35/issue/5
2008,https://www.sciencedirect.com/journal/ocean-engineering/vol/35/issue/3
2008,https://www.sciencedirect.com/journal/ocean-engineering/vol/35/issue/2
2008,https://www.sciencedirect.com/journal/ocean-engineering/vol/35/issue/1
2007,https://www.sciencedirect.com/journal/ocean-engineering/vol/34/issue/17
2007,https://www.sciencedirect.com/journal/ocean-engineering/vol/34/issue/16
2007,https://www.sciencedirect.com/journal/ocean-engineering/vol/34/issue/14
2007,https://www.sciencedirect.com/journal/ocean-engineering/vol/34/issue/13
2007,https://www.sciencedirect.com/journal/ocean-engineering/vol/34/issue/11
2007,https://www.sciencedirect.com/journal/ocean-engineering/vol/34/issue/10
2007,https://www.sciencedirect.com/journal/ocean-engineering/vol/34/issue/8
2007,https://www.sciencedirect.com/journal/ocean-engineering/vol/34/issue/7
2007,https://www.sciencedirect.com/journal/ocean-engineering/vol/34/issue/5
2007,https://www.sciencedirect.com/journal/ocean-engineering/vol/34/issue/3
2007,https://www.sciencedirect.com/journal/ocean-engineering/vol/34/issue/2
2007,https://www.sciencedirect.com/journal/ocean-engineering/vol/34/issue/1
2006,https://www.sciencedirect.com/journal/ocean-engineering/vol/33/issue/17
2006,https://www.sciencedirect.com/journal/ocean-engineering/vol/33/issue/16
2006,https://www.sciencedirect.com/journal/ocean-engineering/vol/33/issue/14
2006,https://www.sciencedirect.com/journal/ocean-engineering/vol/33/issue/13
2006,https://www.sciencedirect.com/journal/ocean-engineering/vol/33/issue/11
2006,https://www.sciencedirect.com/journal/ocean-engineering/vol/33/issue/10
2006,https://www.sciencedirect.com/journal/ocean-engineering/vol/33/issue/8
2006,https://www.sciencedirect.com/journal/ocean-engineering/vol/33/issue/7
2006,https://www.sciencedirect.com/journal/ocean-engineering/vol/33/issue/5
2006,https://www.sciencedirect.com/journal/ocean-engineering/vol/33/issue/3
2006,https://www.sciencedirect.com/journal/ocean-engineering/vol/33/issue/2
2006,https://www.sciencedirect.com/journal/ocean-engineering/vol/33/issue/1
2005,https://www.sciencedirect.com/journal/ocean-engineering/vol/32/issue/17
2005,https://www.sciencedirect.com/journal/ocean-engineering/vol/32/issue/16
2005,https://www.sciencedirect.com/journal/ocean-engineering/vol/32/issue/14
2005,https://www.sciencedirect.com/journal/ocean-engineering/vol/32/issue/13
2005,https://www.sciencedirect.com/journal/ocean-engineering/vol/32/issue/11
2005,https://www.sciencedirect.com/journal/ocean-engineering/vol/32/issue/10
2005,https://www.sciencedirect.com/journal/ocean-engineering/vol/32/issue/8
2005,https://www.sciencedirect.com/journal/ocean-engineering/vol/32/issue/7
2005,https://www.sciencedirect.com/journal/ocean-engineering/vol/32/issue/5
2005,https://www.sciencedirect.com/journal/ocean-engineering/vol/32/issue/3
2005,https://www.sciencedirect.com/journal/ocean-engineering/vol/32/issue/2
2005,https://www.sciencedirect.com/journal/ocean-engineering/vol/32/issue/1
2004,https://www.sciencedirect.com/journal/ocean-engineering/vol/31/issue/17
2004,https://www.sciencedirect.com/journal/ocean-engineering/vol/31/issue/16
2004,https://www.sciencedirect.com/journal/ocean-engineering/vol/31/issue/14
2004,https://www.sciencedirect.com/journal/ocean-engineering/vol/31/issue/13
2004,https://www.sciencedirect.com/journal/ocean-engineering/vol/31/issue/11
2004,https://www.sciencedirect.com/journal/ocean-engineering/vol/31/issue/10
2004,https://www.sciencedirect.com/journal/ocean-engineering/vol/31/issue/8
2004,https://www.sciencedirect.com/journal/ocean-engineering/vol/31/issue/7
2004,https://www.sciencedirect.com/journal/ocean-engineering/vol/31/issue/5
2004,https://www.sciencedirect.com/journal/ocean-engineering/vol/31/issue/3
2004,https://www.sciencedirect.com/journal/ocean-engineering/vol/31/issue/2
2004,https://www.sciencedirect.com/journal/ocean-engineering/vol/31/issue/1
2003,https://www.sciencedirect.com/journal/ocean-engineering/vol/30/issue/18
2003,https://www.sciencedirect.com/journal/ocean-engineering/vol/30/issue/17
2003,https://www.sciencedirect.com/journal/ocean-engineering/vol/30/issue/16
2003,https://www.sciencedirect.com/journal/ocean-engineering/vol/30/issue/15
2003,https://www.sciencedirect.com/journal/ocean-engineering/vol/30/issue/14
2003,https://www.sciencedirect.com/journal/ocean-engineering/vol/30/issue/13
2003,https://www.sciencedirect.com/journal/ocean-engineering/vol/30/issue/12
2003,https://www.sciencedirect.com/journal/ocean-engineering/vol/30/issue/11
2003,https://www.sciencedirect.com/journal/ocean-engineering/vol/30/issue/10
2003,https://www.sciencedirect.com/journal/ocean-engineering/vol/30/issue/9
2003,https://www.sciencedirect.com/journal/ocean-engineering/vol/30/issue/8
2003,https://www.sciencedirect.com/journal/ocean-engineering/vol/30/issue/7
2003,https://www.sciencedirect.com/journal/ocean-engineering/vol/30/issue/6
2003,https://www.sciencedirect.com/journal/ocean-engineering/vol/30/issue/5
2003,https://www.sciencedirect.com/journal/ocean-engineering/vol/30/issue/4
2003,https://www.sciencedirect.com/journal/ocean-engineering/vol/30/issue/3
2003,https://www.sciencedirect.com/journal/ocean-engineering/vol/30/issue/2
2003,https://www.sciencedirect.com/journal/ocean-engineering/vol/30/issue/1
2002,https://www.sciencedirect.com/journal/ocean-engineering/vol/29/issue/15
2002,https://www.sciencedirect.com/journal/ocean-engineering/vol/29/issue/14
2002,https://www.sciencedirect.com/journal/ocean-engineering/vol/29/issue/13
2002,https://www.sciencedirect.com/journal/ocean-engineering/vol/29/issue/12
2002,https://www.sciencedirect.com/journal/ocean-engineering/vol/29/issue/11
2002,https://www.sciencedirect.com/journal/ocean-engineering/vol/29/issue/10
2002,https://www.sciencedirect.com/journal/ocean-engineering/vol/29/issue/9
2002,https://www.sciencedirect.com/journal/ocean-engineering/vol/29/issue/8
2002,https://www.sciencedirect.com/journal/ocean-engineering/vol/29/issue/7
2002,https://www.sciencedirect.com/journal/ocean-engineering/vol/29/issue/6
2002,https://www.sciencedirect.com/journal/ocean-engineering/vol/29/issue/5
2002,https://www.sciencedirect.com/journal/ocean-engineering/vol/29/issue/4
2002,https://www.sciencedirect.com/journal/ocean-engineering/vol/29/issue/3
2002,https://www.sciencedirect.com/journal/ocean-engineering/vol/29/issue/2
2002,https://www.sciencedirect.com/journal/ocean-engineering/vol/29/issue/1
2001,https://www.sciencedirect.com/journal/ocean-engineering/vol/28/issue/12
2001,https://www.sciencedirect.com/journal/ocean-engineering/vol/28/issue/11
2001,https://www.sciencedirect.com/journal/ocean-engineering/vol/28/issue/10
2001,https://www.sciencedirect.com/journal/ocean-engineering/vol/28/issue/9
2001,https://www.sciencedirect.com/journal/ocean-engineering/vol/28/issue/8
2001,https://www.sciencedirect.com/journal/ocean-engineering/vol/28/issue/7
2001,https://www.sciencedirect.com/journal/ocean-engineering/vol/28/issue/6
2001,https://www.sciencedirect.com/journal/ocean-engineering/vol/28/issue/5
2001,https://www.sciencedirect.com/journal/ocean-engineering/vol/28/issue/4
2001,https://www.sciencedirect.com/journal/ocean-engineering/vol/28/issue/3
2001,https://www.sciencedirect.com/journal/ocean-engineering/vol/28/issue/2
2001,https://www.sciencedirect.com/journal/ocean-engineering/vol/28/issue/1
2000,https://www.sciencedirect.com/journal/ocean-engineering/vol/27/issue/12
2000,https://www.sciencedirect.com/journal/ocean-engineering/vol/27/issue/11
2000,https://www.sciencedirect.com/journal/ocean-engineering/vol/27/issue/10
2000,https://www.sciencedirect.com/journal/ocean-engineering/vol/27/issue/9
2000,https://www.sciencedirect.com/journal/ocean-engineering/vol/27/issue/8
2000,https://www.sciencedirect.com/journal/ocean-engineering/vol/27/issue/7
2000,https://www.sciencedirect.com/journal/ocean-engineering/vol/30/issue/6
2000,https://www.sciencedirect.com/journal/ocean-engineering/vol/27/issue/5
2000,https://www.sciencedirect.com/journal/ocean-engineering/vol/27/issue/4
2000,https://www.sciencedirect.com/journal/ocean-engineering/vol/27/issue/3
2000,https://www.sciencedirect.com/journal/ocean-engineering/vol/27/issue/2
2000,https://www.sciencedirect.com/journal/ocean-engineering/vol/27/issue/1
1999,https://www.sciencedirect.com/journal/ocean-engineering/vol/30/issue/18
1999,https://www.sciencedirect.com/journal/ocean-engineering/vol/30/issue/17
1999,https://www.sciencedirect.com/journal/ocean-engineering/vol/30/issue/16
1999,https://www.sciencedirect.com/journal/ocean-engineering/vol/30/issue/15
1999,https://www.sciencedirect.com/journal/ocean-engineering/vol/30/issue/14
1999,https://www.sciencedirect.com/journal/ocean-engineering/vol/30/issue/13
1999,https://www.sciencedirect.com/journal/ocean-engineering/vol/30/issue/12
1999,https://www.sciencedirect.com/journal/ocean-engineering/vol/30/issue/11
1999,https://www.sciencedirect.com/journal/ocean-engineering/vol/30/issue/10
1999,https://www.sciencedirect.com/journal/ocean-engineering/vol/30/issue/9
1999,https://www.sciencedirect.com/journal/ocean-engineering/vol/30/issue/8
1999,https://www.sciencedirect.com/journal/ocean-engineering/vol/30/issue/7
1999,https://www.sciencedirect.com/journal/ocean-engineering/vol/30/issue/6
1999,https://www.sciencedirect.com/journal/ocean-engineering/vol/30/issue/5
1999,https://www.sciencedirect.com/journal/ocean-engineering/vol/30/issue/4
1999,https://www.sciencedirect.com/journal/ocean-engineering/vol/30/issue/3
1999,https://www.sciencedirect.com/journal/ocean-engineering/vol/30/issue/2
1999,https://www.sciencedirect.com/journal/ocean-engineering/vol/30/issue/1
1998,https://www.sciencedirect.com/journal/ocean-engineering/vol/30/issue/18
1998,https://www.sciencedirect.com/journal/ocean-engineering/vol/30/issue/17
1998,https://www.sciencedirect.com/journal/ocean-engineering/vol/30/issue/16
1998,https://www.sciencedirect.com/journal/ocean-engineering/vol/30/issue/15
1998,https://www.sciencedirect.com/journal/ocean-engineering/vol/30/issue/14
1998,https://www.sciencedirect.com/journal/ocean-engineering/vol/30/issue/13
1998,https://www.sciencedirect.com/journal/ocean-engineering/vol/30/issue/12
1998,https://www.sciencedirect.com/journal/ocean-engineering/vol/30/issue/11
1998,https://www.sciencedirect.com/journal/ocean-engineering/vol/30/issue/10
1998,https://www.sciencedirect.com/journal/ocean-engineering/vol/30/issue/9
1998,https://www.sciencedirect.com/journal/ocean-engineering/vol/30/issue/8
1998,https://www.sciencedirect.com/journal/ocean-engineering/vol/30/issue/7
1998,https://www.sciencedirect.com/journal/ocean-engineering/vol/30/issue/6
1998,https://www.sciencedirect.com/journal/ocean-engineering/vol/30/issue/5
1998,https://www.sciencedirect.com/journal/ocean-engineering/vol/30/issue/4
1998,https://www.sciencedirect.com/journal/ocean-engineering/vol/30/issue/3
1998,https://www.sciencedirect.com/journal/ocean-engineering/vol/30/issue/2
1998,https://www.sciencedirect.com/journal/ocean-engineering/vol/30/issue/1
1997,https://www.sciencedirect.com/journal/ocean-engineering/vol/30/issue/18
1997,https://www.sciencedirect.com/journal/ocean-engineering/vol/30/issue/17
1997,https://www.sciencedirect.com/journal/ocean-engineering/vol/30/issue/16
1997,https://www.sciencedirect.com/journal/ocean-engineering/vol/30/issue/15
1997,https://www.sciencedirect.com/journal/ocean-engineering/vol/30/issue/14
1997,https://www.sciencedirect.com/journal/ocean-engineering/vol/30/issue/13
1997,https://www.sciencedirect.com/journal/ocean-engineering/vol/30/issue/12
1997,https://www.sciencedirect.com/journal/ocean-engineering/vol/30/issue/11
1997,https://www.sciencedirect.com/journal/ocean-engineering/vol/30/issue/10
1997,https://www.sciencedirect.com/journal/ocean-engineering/vol/30/issue/9
1997,https://www.sciencedirect.com/journal/ocean-engineering/vol/30/issue/8
1997,https://www.sciencedirect.com/journal/ocean-engineering/vol/30/issue/7
1997,https://www.sciencedirect.com/journal/ocean-engineering/vol/30/issue/6
1997,https://www.sciencedirect.com/journal/ocean-engineering/vol/30/issue/5
1997,https://www.sciencedirect.com/journal/ocean-engineering/vol/30/issue/4
1997,https://www.sciencedirect.com/journal/ocean-engineering/vol/30/issue/3
1997,https://www.sciencedirect.com/journal/ocean-engineering/vol/30/issue/2
1997,https://www.sciencedirect.com/journal/ocean-engineering/vol/30/issue/1
1996,https://www.sciencedirect.com/journal/ocean-engineering/vol/30/issue/18
1996,https://www.sciencedirect.com/journal/ocean-engineering/vol/30/issue/17
1996,https://www.sciencedirect.com/journal/ocean-engineering/vol/30/issue/16
1996,https://www.sciencedirect.com/journal/ocean-engineering/vol/30/issue/15
1996,https://www.sciencedirect.com/journal/ocean-engineering/vol/30/issue/14
1996,https://www.sciencedirect.com/journal/ocean-engineering/vol/30/issue/13
1996,https://www.sciencedirect.com/journal/ocean-engineering/vol/30/issue/12
1996,https://www.sciencedirect.com/journal/ocean-engineering/vol/30/issue/11
1996,https://www.sciencedirect.com/journal/ocean-engineering/vol/30/issue/10
1996,https://www.sciencedirect.com/journal/ocean-engineering/vol/30/issue/9
1996,https://www.sciencedirect.com/journal/ocean-engineering/vol/30/issue/8
1996,https://www.sciencedirect.com/journal/ocean-engineering/vol/30/issue/7
1996,https://www.sciencedirect.com/journal/ocean-engineering/vol/30/issue/6
1996,https://www.sciencedirect.com/journal/ocean-engineering/vol/30/issue/5
1996,https://www.sciencedirect.com/journal/ocean-engineering/vol/30/issue/4
1996,https://www.sciencedirect.com/journal/ocean-engineering/vol/30/issue/3
1996,https://www.sciencedirect.com/journal/ocean-engineering/vol/30/issue/2
1996,https://www.sciencedirect.com/journal/ocean-engineering/vol/30/issue/1
1995,https://www.sciencedirect.com/journal/ocean-engineering/vol/30/issue/18
1995,https://www.sciencedirect.com/journal/ocean-engineering/vol/30/issue/17
1995,https://www.sciencedirect.com/journal/ocean-engineering/vol/30/issue/16
1995,https://www.sciencedirect.com/journal/ocean-engineering/vol/30/issue/15
1995,https://www.sciencedirect.com/journal/ocean-engineering/vol/30/issue/14
1995,https://www.sciencedirect.com/journal/ocean-engineering/vol/30/issue/13
1995,https://www.sciencedirect.com/journal/ocean-engineering/vol/30/issue/12
1995,https://www.sciencedirect.com/journal/ocean-engineering/vol/30/issue/11
1995,https://www.sciencedirect.com/journal/ocean-engineering/vol/30/issue/10
1995,https://www.sciencedirect.com/journal/ocean-engineering/vol/30/issue/9
1995,https://www.sciencedirect.com/journal/ocean-engineering/vol/30/issue/8
1995,https://www.sciencedirect.com/journal/ocean-engineering/vol/30/issue/7
1995,https://www.sciencedirect.com/journal/ocean-engineering/vol/30/issue/6
1995,https://www.sciencedirect.com/journal/ocean-engineering/vol/30/issue/5
1995,https://www.sciencedirect.com/journal/ocean-engineering/vol/30/issue/4
1995,https://www.sciencedirect.com/journal/ocean-engineering/vol/30/issue/3
1995,https://www.sciencedirect.com/journal/ocean-engineering/vol/30/issue/2
1995,https://www.sciencedirect.com/journal/ocean-engineering/vol/30/issue/1
1994,https://www.sciencedirect.com/journal/ocean-engineering/vol/30/issue/18
1994,https://www.sciencedirect.com/journal/ocean-engineering/vol/30/issue/17
1994,https://www.sciencedirect.com/journal/ocean-engineering/vol/30/issue/16
1994,https://www.sciencedirect.com/journal/ocean-engineering/vol/30/issue/15
1994,https://www.sciencedirect.com/journal/ocean-engineering/vol/30/issue/14
1994,https://www.sciencedirect.com/journal/ocean-engineering/vol/30/issue/13
1994,https://www.sciencedirect.com/journal/ocean-engineering/vol/30/issue/12
1994,https://www.sciencedirect.com/journal/ocean-engineering/vol/30/issue/11
1994,https://www.sciencedirect.com/journal/ocean-engineering/vol/30/issue/10
1994,https://www.sciencedirect.com/journal/ocean-engineering/vol/30/issue/9
1994,https://www.sciencedirect.com/journal/ocean-engineering/vol/30/issue/8
1994,https://www.sciencedirect.com/journal/ocean-engineering/vol/30/issue/7
1994,https://www.sciencedirect.com/journal/ocean-engineering/vol/30/issue/6
1994,https://www.sciencedirect.com/journal/ocean-engineering/vol/30/issue/5
1994,https://www.sciencedirect.com/journal/ocean-engineering/vol/30/issue/4
1994,https://www.sciencedirect.com/journal/ocean-engineering/vol/30/issue/3
1994,https://www.sciencedirect.com/journal/ocean-engineering/vol/30/issue/2
1994,https://www.sciencedirect.com/journal/ocean-engineering/vol/30/issue/1
1993,https://www.sciencedirect.com/journal/ocean-engineering/vol/30/issue/18
1993,https://www.sciencedirect.com/journal/ocean-engineering/vol/30/issue/17
1993,https://www.sciencedirect.com/journal/ocean-engineering/vol/30/issue/16
1993,https://www.sciencedirect.com/journal/ocean-engineering/vol/30/issue/15
1993,https://www.sciencedirect.com/journal/ocean-engineering/vol/30/issue/14
1993,https://www.sciencedirect.com/journal/ocean-engineering/vol/30/issue/13
1993,https://www.sciencedirect.com/journal/ocean-engineering/vol/30/issue/12
1993,https://www.sciencedirect.com/journal/ocean-engineering/vol/30/issue/11
1993,https://www.sciencedirect.com/journal/ocean-engineering/vol/30/issue/10
1993,https://www.sciencedirect.com/journal/ocean-engineering/vol/30/issue/9
1993,https://www.sciencedirect.com/journal/ocean-engineering/vol/30/issue/8
1993,https://www.sciencedirect.com/journal/ocean-engineering/vol/30/issue/7
1993,https://www.sciencedirect.com/journal/ocean-engineering/vol/30/issue/6
1993,https://www.sciencedirect.com/journal/ocean-engineering/vol/30/issue/5
1993,https://www.sciencedirect.com/journal/ocean-engineering/vol/30/issue/4
1993,https://www.sciencedirect.com/journal/ocean-engineering/vol/30/issue/3
1993,https://www.sciencedirect.com/journal/ocean-engineering/vol/30/issue/2
1993,https://www.sciencedirect.com/journal/ocean-engineering/vol/30/issue/1
1992,https://www.sciencedirect.com/journal/ocean-engineering/vol/30/issue/18
1992,https://www.sciencedirect.com/journal/ocean-engineering/vol/30/issue/17
1992,https://www.sciencedirect.com/journal/ocean-engineering/vol/30/issue/16
1992,https://www.sciencedirect.com/journal/ocean-engineering/vol/30/issue/15
1992,https://www.sciencedirect.com/journal/ocean-engineering/vol/30/issue/14
1992,https://www.sciencedirect.com/journal/ocean-engineering/vol/30/issue/13
1992,https://www.sciencedirect.com/journal/ocean-engineering/vol/30/issue/12
1992,https://www.sciencedirect.com/journal/ocean-engineering/vol/30/issue/11
1992,https://www.sciencedirect.com/journal/ocean-engineering/vol/30/issue/10
1992,https://www.sciencedirect.com/journal/ocean-engineering/vol/30/issue/9
1992,https://www.sciencedirect.com/journal/ocean-engineering/vol/30/issue/8
1992,https://www.sciencedirect.com/journal/ocean-engineering/vol/30/issue/7
1992,https://www.sciencedirect.com/journal/ocean-engineering/vol/30/issue/6
1992,https://www.sciencedirect.com/journal/ocean-engineering/vol/30/issue/5
1992,https://www.sciencedirect.com/journal/ocean-engineering/vol/30/issue/4
1992,https://www.sciencedirect.com/journal/ocean-engineering/vol/30/issue/3
1992,https://www.sciencedirect.com/journal/ocean-engineering/vol/30/issue/2
1992,https://www.sciencedirect.com/journal/ocean-engineering/vol/30/issue/1
1991,https://www.sciencedirect.com/journal/ocean-engineering/vol/30/issue/18
1991,https://www.sciencedirect.com/journal/ocean-engineering/vol/30/issue/17
1991,https://www.sciencedirect.com/journal/ocean-engineering/vol/30/issue/16
1991,https://www.sciencedirect.com/journal/ocean-engineering/vol/30/issue/15
1991,https://www.sciencedirect.com/journal/ocean-engineering/vol/30/issue/14
1991,https://www.sciencedirect.com/journal/ocean-engineering/vol/30/issue/13
1991,https://www.sciencedirect.com/journal/ocean-engineering/vol/30/issue/12
1991,https://www.sciencedirect.com/journal/ocean-engineering/vol/30/issue/11
1991,https://www.sciencedirect.com/journal/ocean-engineering/vol/30/issue/10
1991,https://www.sciencedirect.com/journal/ocean-engineering/vol/30/issue/9
1991,https://www.sciencedirect.com/journal/ocean-engineering/vol/30/issue/8
1991,https://www.sciencedirect.com/journal/ocean-engineering/vol/30/issue/7
1991,https://www.sciencedirect.com/journal/ocean-engineering/vol/30/issue/6
1991,https://www.sciencedirect.com/journal/ocean-engineering/vol/30/issue/5
1991,https://www.sciencedirect.com/journal/ocean-engineering/vol/30/issue/4
1991,https://www.sciencedirect.com/journal/ocean-engineering/vol/30/issue/3
1991,https://www.sciencedirect.com/journal/ocean-engineering/vol/30/issue/2
1991,https://www.sciencedirect.com/journal/ocean-engineering/vol/30/issue/1
1990,https://www.sciencedirect.com/journal/ocean-engineering/vol/30/issue/18
1990,https://www.sciencedirect.com/journal/ocean-engineering/vol/30/issue/17
1990,https://www.sciencedirect.com/journal/ocean-engineering/vol/30/issue/16
1990,https://www.sciencedirect.com/journal/ocean-engineering/vol/30/issue/15
1990,https://www.sciencedirect.com/journal/ocean-engineering/vol/30/issue/14
1990,https://www.sciencedirect.com/journal/ocean-engineering/vol/30/issue/13
1990,https://www.sciencedirect.com/journal/ocean-engineering/vol/30/issue/12
1990,https://www.sciencedirect.com/journal/ocean-engineering/vol/30/issue/11
1990,https://www.sciencedirect.com/journal/ocean-engineering/vol/30/issue/10
1990,https://www.sciencedirect.com/journal/ocean-engineering/vol/30/issue/9
1990,https://www.sciencedirect.com/journal/ocean-engineering/vol/30/issue/8
1990,https://www.sciencedirect.com/journal/ocean-engineering/vol/30/issue/7
1990,https://www.sciencedirect.com/journal/ocean-engineering/vol/30/issue/6
1990,https://www.sciencedirect.com/journal/ocean-engineering/vol/30/issue/5
1990,https://www.sciencedirect.com/journal/ocean-engineering/vol/30/issue/4
1990,https://www.sciencedirect.com/journal/ocean-engineering/vol/30/issue/3
1990,https://www.sciencedirect.com/journal/ocean-engineering/vol/30/issue/2
1990,https://www.sciencedirect.com/journal/ocean-engineering/vol/30/issue/1
1989,https://www.sciencedirect.com/journal/ocean-engineering/vol/16/issue/5
1989,https://www.sciencedirect.com/journal/ocean-engineering/vol/16/issue/4
1989,https://www.sciencedirect.com/journal/ocean-engineering/vol/16/issue/3
1989,https://www.sciencedirect.com/journal/ocean-engineering/vol/16/issue/2
1989,https://www.sciencedirect.com/journal/ocean-engineering/vol/16/issue/1
1988,https://www.sciencedirect.com/journal/ocean-engineering/vol/15/issue/6
1988,https://www.sciencedirect.com/journal/ocean-engineering/vol/15/issue/5
1988,https://www.sciencedirect.com/journal/ocean-engineering/vol/15/issue/4
1988,https://www.sciencedirect.com/journal/ocean-engineering/vol/15/issue/3
1988,https://www.sciencedirect.com/journal/ocean-engineering/vol/15/issue/2
1988,https://www.sciencedirect.com/journal/ocean-engineering/vol/15/issue/1
1987,https://www.sciencedirect.com/journal/ocean-engineering/vol/14/issue/6
1987,https://www.sciencedirect.com/journal/ocean-engineering/vol/14/issue/5
1987,https://www.sciencedirect.com/journal/ocean-engineering/vol/14/issue/4
1987,https://www.sciencedirect.com/journal/ocean-engineering/vol/14/issue/3
1987,https://www.sciencedirect.com/journal/ocean-engineering/vol/14/issue/2
1987,https://www.sciencedirect.com/journal/ocean-engineering/vol/14/issue/1
1986,https://www.sciencedirect.com/journal/ocean-engineering/vol/13/issue/6
1986,https://www.sciencedirect.com/journal/ocean-engineering/vol/13/issue/5
1986,https://www.sciencedirect.com/journal/ocean-engineering/vol/13/issue/4
1986,https://www.sciencedirect.com/journal/ocean-engineering/vol/13/issue/3
1986,https://www.sciencedirect.com/journal/ocean-engineering/vol/13/issue/2
1986,https://www.sciencedirect.com/journal/ocean-engineering/vol/13/issue/1
1985,https://www.sciencedirect.com/journal/ocean-engineering/vol/12/issue/6
1985,https://www.sciencedirect.com/journal/ocean-engineering/vol/12/issue/5
1985,https://www.sciencedirect.com/journal/ocean-engineering/vol/12/issue/4
1985,https://www.sciencedirect.com/journal/ocean-engineering/vol/12/issue/3
1985,https://www.sciencedirect.com/journal/ocean-engineering/vol/12/issue/2
1985,https://www.sciencedirect.com/journal/ocean-engineering/vol/12/issue/1
1984,https://www.sciencedirect.com/journal/ocean-engineering/vol/11/issue/6
1984,https://www.sciencedirect.com/journal/ocean-engineering/vol/11/issue/5
1984,https://www.sciencedirect.com/journal/ocean-engineering/vol/11/issue/4
1984,https://www.sciencedirect.com/journal/ocean-engineering/vol/11/issue/3
1984,https://www.sciencedirect.com/journal/ocean-engineering/vol/11/issue/2
1984,https://www.sciencedirect.com/journal/ocean-engineering/vol/11/issue/1
1983,https://www.sciencedirect.com/journal/ocean-engineering/vol/10/issue/6
1983,https://www.sciencedirect.com/journal/ocean-engineering/vol/10/issue/5
1983,https://www.sciencedirect.com/journal/ocean-engineering/vol/10/issue/4
1983,https://www.sciencedirect.com/journal/ocean-engineering/vol/10/issue/3
1983,https://www.sciencedirect.com/journal/ocean-engineering/vol/10/issue/2
1983,https://www.sciencedirect.com/journal/ocean-engineering/vol/10/issue/1
1982,https://www.sciencedirect.com/journal/ocean-engineering/vol/9/issue/6
1982,https://www.sciencedirect.com/journal/ocean-engineering/vol/9/issue/5
1982,https://www.sciencedirect.com/journal/ocean-engineering/vol/9/issue/4
1982,https://www.sciencedirect.com/journal/ocean-engineering/vol/9/issue/3
1982,https://www.sciencedirect.com/journal/ocean-engineering/vol/9/issue/2
1982,https://www.sciencedirect.com/journal/ocean-engineering/vol/9/issue/1
1981,https://www.sciencedirect.com/journal/ocean-engineering/vol/8/issue/6
1981,https://www.sciencedirect.com/journal/ocean-engineering/vol/8/issue/5
1981,https://www.sciencedirect.com/journal/ocean-engineering/vol/8/issue/4
1981,https://www.sciencedirect.com/journal/ocean-engineering/vol/8/issue/3
1981,https://www.sciencedirect.com/journal/ocean-engineering/vol/8/issue/2
1981,https://www.sciencedirect.com/journal/ocean-engineering/vol/8/issue/1
1981,https://www.sciencedirect.com/journal/ocean-engineering/vol/8/index/I
1980,https://www.sciencedirect.com/journal/ocean-engineering/vol/7/issue/6
1980,https://www.sciencedirect.com/journal/ocean-engineering/vol/7/issue/5
1980,https://www.sciencedirect.com/journal/ocean-engineering/vol/7/issue/4
1980,https://www.sciencedirect.com/journal/ocean-engineering/vol/7/issue/3
1980,https://www.sciencedirect.com/journal/ocean-engineering/vol/7/issue/2
1980,https://www.sciencedirect.com/journal/ocean-engineering/vol/7/issue/1
1980,https://www.sciencedirect.com/journal/ocean-engineering/vol/7/index/I
1979,https://www.sciencedirect.com/journal/ocean-engineering/vol/6/issue/6
1979,https://www.sciencedirect.com/journal/ocean-engineering/vol/6/issue/5
1979,https://www.sciencedirect.com/journal/ocean-engineering/vol/6/issue/4
1979,https://www.sciencedirect.com/journal/ocean-engineering/vol/6/issue/3
1979,https://www.sciencedirect.com/journal/ocean-engineering/vol/6/issue/1
1979,https://www.sciencedirect.com/journal/ocean-engineering/vol/6/index/I
1978,https://www.sciencedirect.com/journal/ocean-engineering/vol/5/issue/5
1978,https://www.sciencedirect.com/journal/ocean-engineering/vol/5/issue/4
1978,https://www.sciencedirect.com/journal/ocean-engineering/vol/5/issue/3
1978,https://www.sciencedirect.com/journal/ocean-engineering/vol/5/issue/2
1978,https://www.sciencedirect.com/journal/ocean-engineering/vol/5/issue/1
1978,https://www.sciencedirect.com/journal/ocean-engineering/vol/5/index/I
1977,https://www.sciencedirect.com/journal/ocean-engineering/vol/4/issue/4
1977,https://www.sciencedirect.com/journal/ocean-engineering/vol/4/issue/3
1977,https://www.sciencedirect.com/journal/ocean-engineering/vol/4/issue/2
1977,https://www.sciencedirect.com/journal/ocean-engineering/vol/4/issue/1
1977,https://www.sciencedirect.com/journal/ocean-engineering/vol/4/index/I
1976,https://www.sciencedirect.com/journal/ocean-engineering/vol/3/issue/6
1976,https://www.sciencedirect.com/journal/ocean-engineering/vol/3/issue/5
1976,https://www.sciencedirect.com/journal/ocean-engineering/vol/3/issue/4
1976,https://www.sciencedirect.com/journal/ocean-engineering/vol/3/issue/3
1976,https://www.sciencedirect.com/journal/ocean-engineering/vol/3/issue/2
1976,https://www.sciencedirect.com/journal/ocean-engineering/vol/3/index/I
1975,https://www.sciencedirect.com/journal/ocean-engineering/vol/3/issue/1
1974,https://www.sciencedirect.com/journal/ocean-engineering/vol/2/issue/6
1974,https://www.sciencedirect.com/journal/ocean-engineering/vol/2/index/I
1973,https://www.sciencedirect.com/journal/ocean-engineering/vol/2/issue/5
1973,https://www.sciencedirect.com/journal/ocean-engineering/vol/2/issue/4
1972,https://www.sciencedirect.com/journal/ocean-engineering/vol/2/issue/3
1971,https://www.sciencedirect.com/journal/ocean-engineering/vol/2/issue/2
1970,https://www.sciencedirect.com/journal/ocean-engineering/vol/2/issue/1
1970,https://www.sciencedirect.com/journal/ocean-engineering/vol/1/issue/6
1970,https://www.sciencedirect.com/journal/ocean-engineering/vol/1/index/I
1969,https://www.sciencedirect.com/journal/ocean-engineering/vol/1/issue/5
1969,https://www.sciencedirect.com/journal/ocean-engineering/vol/1/issue/4
1969,https://www.sciencedirect.com/journal/ocean-engineering/vol/1/issue/3
1968,https://www.sciencedirect.com/journal/ocean-engineering/vol/1/issue/2
1968,https://www.sciencedirect.com/journal/ocean-engineering/vol/1/issue/1
