buzzword,terms
AI and Machine Learning, "Artificial Intelligence, Machine Learning, Supervised Learning, Unsupervised Learning, Reinforcement Learning, Decision Tree, Random Forest, Support Vector Machine, Nearest Neighbor, Naive Baye, Regression, Gradient Descent, Backpropagation, Stochastic Gradient Descent, Neural Network, Long Short-Term Memory, Gated Recurrent Unit, Attention Mechanism, Generative Adversarial Network, Variational Autoencoder, Transfer Learning, One-shot Learning, Ensemble Learning, Deep Reinforcement Learning, Q-learning, Policy Gradient Method, Markov Decision Process, Alpha-Beta Pruning, Monte Carlo Tree Search, Object Detection, Semantic Segmentation, Instance Segmentation, Image Captioning, Optical Character Recognition, Generative Model, Word Embedding, Hierarchical Reinforcement Learning, Batch Normalization, Dropout, Adversarial Example, Style Transfer, Word2Vec, AutoML, Hyperparameter Optimization"
Big Data,"Hadoop, NoSQL, Apache Flink, Apache Kafka, Big Data, Distributed Computing, Data Processing, Data Storage, Data Analytics, Data Warehousing, Data Pipeline, Scalability, Fault Tolerance, Data Streaming, Batch Processing, Real-time Analytics, Data Integration, Data Management, Data Lake, Data Governance, Data Security, Data Transformation, Data Ingestion, Data Querying, Data Replication, Data Partitioning, Data Consistency, Data Parallelism, Data Compression, Data Serialization, Data Serialization, Data Privacy, Data Quality, Data Visualization, Data Science, Data Engineer, Data Architect, Data Analyst, Data Pipeline, Data Flow, Data Cluster, Data Infrastructure, Data Ecosystem, Data Warehouse, Data Governance, Data Security, Data Mining, Data Exploration, Data Modeling, Data Cleansing, Data Aggregation"
Blockchain and Cryptocurrency,"Blockchain, Cryptocurrency, Bitcoin, Ethereum, Smart Contract, Decentralization, Distributed Ledger, Consensus Mechanism, Proof-of-Work, Proof-of-Stake, Public Key, Private Key, Block, Transaction, Cryptography, Hash Function, Merkle Tree, Immutable, Token, Altcoin, Initial Coin Offering, Security Token Offering, Decentralized Finance, Non-Fungible Token, Double Spending, Byzantine Fault Tolerance, Hard Fork, Soft Fork, Solidity, Litecoin, Tether, Monero, Privacy Coin, Atomic Swap, Cross-chain, Interoperability, Consensus Algorithm, Hyperledger, Altcoin, Hashrate, Digital Signature, Block Reward, Decentralized Application, Tokenomics, Decentralized Autonomous Organization, Centralized Exchange, Decentralized Exchange, Scaling Solution, Lightning Network, Raiden Network, Token Standard"
IoT,"Smart Medical Device, Industrial IoT, Home Automation, Internet of Things, Connected Devices, Sensor Network, Smart Grid, Smart Cities, Smart City, Wearable Device, Remote Monitoring, Data Analytics, Cloud Computing, Edge Computing, Machine-to-Machine Communication, Smart Sensor, IoT Platform, IoT Security, IoT Application, IoT Protocol, Smart Home, Smart Energy Management, Intelligent Transportation System, Industrial Automation, Predictive Maintenance, Real-time Monitoring, Wireless Communication, Embedded System, IoT Standard, Interoperability, Smart Agriculture, Smart Factories, Smart Factory, Energy Efficiency, Smart Lighting, Smart Appliance, Home Security System, IoT Connectivity, IoT Data Management, IoT Integration, Smart Healthcare, Telemedicine, IoT in Supply Chain, Environmental Monitoring, Smart Retail, Asset Tracking, Building Automation, Industrial Control Systems, IoT Sensor, Smart Wearable, Smart Grid"
AR and VR,"Augmented Reality, Virtual Reality, Mixed Reality, Holography, Immersion, Head-Mounted Display, Field of View, Degrees of Freedom, Simultaneous Localization and Mapping, Hand Tracking, Spatial Computing, User Interface, User Experience, Haptic Feedback, Augmented World, Virtual World, Augmented Overlay, Virtual Environment, Augmented Objects, Virtual Objects, Stereoscopic Vision, Telepresence, Motion Tracking, Augmented Commerce, Virtual Training, Virtual Prototyping, Virtual Tours, Holographic Display, Virtual Social Interactions, Augmented Navigation, Virtual Simulation, Augmented Reality App, Virtual Reality Game, Virtual Reality Cinema, Augmented Reality Advertising, Virtual Reality Therapy, Augmented Reality Markup Language, Virtual Embodiment"
Cybersecurity,"Cybersecurity, Ethical Hacking, Intrusion Detection System, Cryptography, Network Security, Information Security, Data Protection, Cyber Threats, Vulnerability Assessment, Penetration Testing, Cyber Defense, Security Operations Center, Malware Analysis, Incident Response, Security Policies, Risk Assessment, Firewall, Antivirus, Secure Coding, Security Auditing, Authentication, Authorization, Access Control, Encryption, Public Key Infrastructure, PKI, Digital Signature, Secure Communication, Secure Protocol, Security Testing, Threat Intelligence, Security Incident Management, Security Information and Event Management, SIEM, Security Architecture, Network Monitoring, Intrusion Prevention System, Data Privacy, Data Breach, Identity and Access Management, Cybersecurity Framework, Security Awareness Training, Social Engineering, Phishing, Ransomware, Endpoint Security, Web Application Security, Mobile Security, Cloud Security, Zero-day Vulnerabilities, Patch Management, Cybersecurity Regulation, Cybersecurity Best Practice"
Automation,"Automation, Industrial Automation, Home Automation, Test Automation, Robotics, Process Automation, Robotic Process Automation, Automated Systems, Control System, Machine Automation, Factory Automation, Industrial Internet of Things, Smart Manufacturing, Automated Machinery, Assembly Line Automation, Production Automation, Industrial Robots, Automation Engineering, Automation Software, Programmable Logic Controllers, Human-Machine Interface, Sensor Integration, Motion Control, SCADA Systems, DCS System, Automated Testing, Test Framework, Test Scripts, Test Execution, Test Management, Test Environment, Test Data, Test Automation Tools, Continuous Integration, Continuous Testing, Test Coverage, Test Automation Framework, Test Case Automation, Test Result Analysis, Test Automation Reporting, Regression Testing, Performance Testing, Security Testing, Test Automation Best Practice, Test Automation Strategy, Test Automation ROI, Test Automation Challenges, Test Automation Benefits, Test Automation Lifecycle, Test Automation Framework Design, Test Automation Implementation, Test Automation Maintenance, Test Automation Training"
Modeling,"Modeling, Modelling, ArcGIS, HEC-RAS, MIKE, FLOW-2D, QGIS, Telemac, HEC-HMS, HEC-RAS, Geographic Information System, Geospatial Analysis, Spatial Data, 3-D Model, 3D Model, 2-D Model, 2D Model, Simulation, Model Calibration, Model Validation, Model Prediction, Model Analysis, Model Outputs, Model Input Data, Model Parameters, Model Accuracy, Model Uncertainty, Model Optimization, Model Interoperability, Model Integration, Model Development, Model Application, Model Outputs Interpretation, Model Sensitivity Analysis, Model Scenarios, Model Simulation Tool, Model Validation Technique, Model Performance Evaluation, Model Comparison, Model Constraints, Model Limitations, Model Assumptions, Model Complexity, Model Simplification, Model Outputs Visualization, Model Outputs Interpretation, Model Results"
NLP,"NLP, Natural Language Processing, Sentiment Analysis, Text Mining, Chatbots, Language Understanding, Text Classification, Named Entity Recognition, Part-of-Speech Tagging, Text Summarization, Topic Modeling, Information Extraction, Text Analytics, Text Preprocessing, Text Representation, Word Embeddings, Language Models, Machine Translation, Question Answering, Text Generation, Sentiment Classification, Opinion Mining, Emotion Detection, Text Clustering, Text Similarity, Text Segmentation, Text Categorization, Document Classification, Document Retrieval, Entity Linking, Information Retrieval, Text-to-Speech, Speech Recognition, Language Understanding, Dialog Systems, Conversational AI, Intent Recognition, Chatbot Development, Chatbot Platforms, Chatbot Integration, Chatbot Training, Chatbot Deployment, Chatbot Evaluation, Language Understanding, Language Generation, Language Understanding Models, Language Generation Models, Natural Language Understanding, Natural Language Generation, Text-to-Speech Synthesis, Speech-to-Text Transcription, Dialog Management, Contextual Understanding"
Quantum Computing,"Quantum Computing, Quantum Algorithm, Quantum Cryptography, Qubit, Superposition, Entanglement, Quantum Gate, Quantum Circuit, Quantum Simulation, Quantum Annealing, Quantum Supremacy, Quantum Error Correction, Quantum Entanglement Distribution, Quantum Key Distribution, Quantum Teleportation, Quantum Fourier Transform, Quantum Phase Estimation, Quantum Walks, Quantum Search Algorithm, Grover's Algorithm, Shor's Algorithm, Quantum Machine Learning, Quantum Artificial Intelligence, Quantum Random Number Generation, Quantum Sensing, Quantum Metrology, Quantum Communication, Quantum Networking, Quantum Cryptanalysis, Quantum-resistant Cryptography, Post-quantum Cryptography, Quantum-safe Key Exchange, Quantum-resistant Hash Function, Quantum-resistant Digital Signatures, Quantum-resistant Encryption, Quantum-resistant Protocol, Quantum-resistant Security, Quantum-resistant Algorithms, Quantum Computing Hardware, Quantum Computing Software, Quantum Computing Development, Quantum Computing Simulator, Quantum Computing Application, Quantum Computing Impact, Quantum Computing Challenge"
5G,"5G, Massive MIMO, Beamforming, Network Slicing, Next-generation Networks, Wireless Communication, Mobile Networks, Cellular Networks, Internet of Things, Ultra-Reliable Low-Latency Communication, URLLC, Millimeter Wave, mmWave, Small Cells, Virtualization, Software-Defined Networking, SDN, Network Function Virtualization, NFV, Cloud-RAN, Edge Computing, Multi-access Edge Computing, Internet of Vehicles, IoT Connectivity, IoT Applications, IoT Security, IoT Devices, IoT Sensors, Network Architecture, Radio Access Network, Base Stations, Antenna Arrays, Spectrum Allocation, Interference Management, Channel Estimation, Channel Coding, QoS, Quality of Service, Latency, Throughput, Network Synchronization, Network Planning, Network Optimization, Network Deployment, Network Monitoring, Network Performance, Network Management, Network Security, Network Reliability, Service Level Agreement, SLAs, Network Virtualization, Network Resilience, Network Scalability, Network Efficiency, Network Congestion, Network Coverage"
Cloud Computing,"Cloud Computing, Microsoft Azure, Amazon AWS, Google Cloud, Infrastructure as a Service, IaaS, Platform as a Service, PaaS, Software as a Service, SaaS, Public Cloud, Private Cloud, Hybrid Cloud, Cloud Storage, Cloud Security, Cloud Migration, Cloud Deployment Model, Cloud Computing Architecture, Virtualization, Scalability, Elasticity, High Availability, Fault Tolerance, Containerization, Serverless Computing, Microservices, DevOp, Cloud Networking, Cloud Databases, Cloud Analytics, Cloud AI Services, Cloud Development Tool, Cloud Monitoring, Cloud Cost Management, Cloud Compliance, Cloud Governance, Cloud Service Level Agreements, Cloud Resource Management, Cloud Backup and Recovery, Cloud Disaster Recovery, Cloud Identity and Access Management, Cloud Data Privacy, Cloud Data Encryption, Cloud Data Governance, Cloud API, Cloud Integration, Cloud Deployment Automation, Cloud Orchestration, Cloud Load Balancing, Cloud CDN, Content Delivery Network, Cloud IoT Service, Cloud Machine Learning, Cloud Big Data Analytic, Cloud IoT Analytic, Cloud High-Performance Computing"
Edge Computing,"Edge Computing, Fog Computing, Mobile Edge Computing, Internet of Things, Low Latency, Edge Device, Edge Server, Edge Analytic, Edge AI, Edge Storage, Edge Security, Edge Networking, Edge Intelligence, Edge Application, Edge Sensor, Edge Gateway, Edge Infrastructure, Edge Data Processing, Edge Connectivity, Edge Deployment, Edge Architecture, Edge Service, Edge Management, Edge Orchestration, Edge Scalability, Edge Reliability, Edge Performance, Edge Latency, Edge Bandwidth, Edge Virtualization, Edge Resource Optimization, Edge Data Caching, Edge Communication Protocol, Edge Data Privacy, Edge Data Encryption, Edge Authentication, Edge Monitoring, Edge Load Balancing, Edge Fault Tolerance, Edge QoS, Edge Deployment Models, Edge Infrastructure Providers, Edge Computing Platforms, Edge-Cloud Integration, Edge-Cloud Collaboration, Edge-Cloud Interoperability, Edge-Cloud Synchronization, Edge-Cloud Data Offloading, Edge-Cloud Security"
Data Analytics,"Data Analytics, Business Intelligence, Data Visualization, Data Mining, Data Warehousing, Data Integration, Data Governance, Data Quality, Data Science, Predictive Analytics, Prescriptive Analytics, Descriptive Analytics, Exploratory Data Analysis, Big Data Analytics, Text Analytics, Statistical Analysis, Data Modeling, Data Insights, Data-driven Decision Making, Data Exploration, Data Extraction, Data Transformation, Data Cleansing, Data Enrichment, Data Wrangling, Data Pipeline, Data Warehouse Automation, Data Privacy, Data Security, Data Storage, Data Manipulation, Data Discovery, Data Profiling, Data Interpretation, Data Strategy, Data Governance, Data Compliance, Data Classification, Business Analytics, Customer Analytics, Market Analytics, Operational Analytics, Real-time Analytics, Streaming Analytics, Social Media Analytics, Web Analytics, Mobile Analytics, IoT Analytics, Healthcare Analytics, Retail Analytics"
Biotechnology,"Biotechnology, Genetic Engineering, Bioinformatics, Biomechatronics, Biopharmaceuticals, Genomics, Proteomics, Metagenomics, Synthetic Biology, Molecular Biology, Microbiology, Genetic Modification, DNA Sequencing, Gene Therapy, Stem Cells, CRISPR-Cas9, Recombinant DNA Technology, Transgenic Organisms, Gene Expression, DNA Profiling, Cloning, Molecular Diagnostics, Pharmacogenomics, Biomarker, Drug Discovery, Drug Development, Precision Medicine, Personalized Medicine, Bioengineering, Tissue Engineering, Regenerative Medicine, Bioprocessing, Biomanufacturing, Bioreactors, Cell Culture, Antibody Engineering, Vaccine Development, Computational Biology, Systems Biology, Proteomics, Metabolomics, Pathway Analysis, Next-generation Sequencing, Transcriptomics, Bioethics, Biocompatibility, Bioremediation, Biofuels, Agricultural Biotechnology, Industrial Biotechnology, Environmental Biotechnology, Nano-biotechnology"
Nanotechnology,"Nanotechnology, Graphene Research, Quantum Dot, Nano-Medicine, Nanomaterials, Nanoparticle, Nanofabrication, Nanoscale, Nanorobot, Nanosensor, Nanodevice, Nanoelectronic, Nanocomposite, Nanowire, Nanotube, Nanolithography, Nanocatalysis, Nanomachine, Nanoscale Imaging, Nanofluidic, Nanopatterning, Nanomedicine Applications, Nanostructured Materials, Carbon Nanotube, Nanoscale Electronic, Nanopore Sequencing, Nanoparticle Drug Delivery, Nanofabrication Techniques, Quantum Nanotechnology, Nanophotonics, Nanofabrication Tool, Nanotoxicology, Nanosafety, Nanostructured Surfaces, Nanoengineering, Nanosurgery, Nanomagnetics, Nanobiotechnology, Nanopharmaceuticals, Nanofluid, Nanocomputing, Nanowearables, Nanobiosensor, Nanoscale Manipulation, Nanotribology, Nanomagnets, Nanofabricated Optics, Nanolithography Method, Nanoparticle Synthesis, Nanomaterial Characterization"
Wearable Technology,"Wearable Technology, Fitness Tracker, Smartwatch, Virtual Reality Headset, Activity Tracker, Health Monitor, Smart Clothing, Augmented Reality Glass, Biometric Sensor, Sleep Track, GPS Tracking Device, Smart Jewelry, Smart Eyewear, Hearable Device, Wearable Camera, Smart Fabric, E-textiles, Gesture Control Device, Sports Wearable, Wearable Health Tech, Smart Helmet, Wearable Display, Smart Ring, Body Sensor, Smart Band, Wearable Tech Accessories, Virtual Reality Gloves, Wearable Payment Devices, Fitness Wearables, Smart Contact Lens, Wearable Tech Integration, Smart Tattoos, Smart Shoes, Biohacking Devices, Smart Skin Patches, Wearable Sleep Aids, Wearable Rehabilitation Devices, Smart Headbands, Wearable Audio Devices, ECG Monitoring Wearables, Wearable Assistive Technology, Gesture Recognition Wearables, Wearable Fitness Apparel, Smart Haptic Feedback Devices, Wearable Biometric Authentication, Wearable Stress Monitors, Wearable Temperature Sensors, Smart Socks, Smart Sports Equipment, ECG Monitor"
Voice User Interface (VUI),"Voice User Interface, VUI, Amazon Alexa, Google Assistant, Apple Siri, Voice Recognition, Speech Recognition, Natural Language Processing, NLP, Voice Commands, Voice Assistants, Voice Control, Voice Search, Voice Interaction, Conversational AI, Voice Assistant, Voice-Activated Device, Voice-Enabled Technology, Voice Response, Voice-Activated Assistants, Voice User Experience, Voice User Interaction, Voice User Interface Design, Voice-Enabled Applications, Voice User Interface Development, Voice User Interface Testing, Voice-Activated Speakers, Voice-Activated Home Devices, Voice-Activated Car Systems, Hands-Free Voice Control, Multilingual Voice Assistants, Voice Biometrics, Voice Authentication, Voice Analytics, Voice-Driven Automation, Voice-Driven Commerce, Voice-Driven Navigation, Voice-Driven Entertainment, Voice-Driven Messaging, Voice-Driven Notifications, Voice-Driven Search, Voice-Driven Social Media, Voice-Driven Productivity, Voice-Driven Accessibility, Voice-Driven Healthcare, Voice-Driven Education, Voice-Driven Gaming, Voice-Driven Virtual Assistants, Voice-Driven IoT Devices, Voice-Driven Wearable Tech, Voice-Driven Smart Home Systems, Voice-Driven Language Learning, Voice-Driven Translations, Voice-Driven Content Creation"
FinTech,"FinTech, Mobile Payments, Cryptocurrency, Robo-Advising, Peer-to-Peer Lending, Digital Banking, Online Payments, E-Wallets, Blockchain Technology, Cryptocurrency Exchanges, Payment Gateways, Mobile Wallets, Contactless Payments, Open Banking, Financial Apps, Crowdfunding Platforms, Online Investment Platforms, Wealth Management Tools, Automated Trading, Algorithmic Trading, Financial Analytics, Personal Finance Tools, Digital Currencies, Neobanks, Payment Processors, Insurtech, Regtech, Financial APIs, Biometric Authentication, Financial Inclusion, Remittance Services, Financial Data Aggregation, Machine Learning in Finance, Artificial Intelligence in Banking, Risk Management Solutions, Virtual Currencies, Financial Technology Startups, Data Security in FinTech, Peer-to-Peer Insurance, Mobile Banking Apps, Financial Chatbots, Wealthtech, Robotic Process Automation in Finance, Digital Identity Verification, Big Data in Financial Services, Digital Lending Platforms, Crowdsourcing in Finance, API Economy, Real-Time Payments, Fraud Detection"
Data Mining,"Data Mining, Association Rule Learning, Clustering, Classification, Decision Trees, Random Forests, Support Vector Machines, Naive Bayes, K-Means, DBSCAN, Hierarchical Clustering, Principal Component Analysis, Singular Value Decomposition, SVD, Apriori Algorithm, Frequent Itemset Mining, Market Basket Analysis, Collaborative Filtering, Recommender Systems, Text Mining, Sentiment Analysis, Topic Modeling, Natural Language Processing, Sequence Mining, Time Series Analysis, Anomaly Detection, Outlier Detection, Fraud Detection, Customer Segmentation, Customer Profiling, Churn Prediction, Customer Lifetime Value Prediction, Pattern Recognition, Dimensionality Reduction, Feature Selection, Feature Engineering, Ensemble Learning, Neural Networks, Deep Learning, Reinforcement Learning, Genetic Algorithms, Support Vector Regression, Logistic Regression, Decision Boundary, Information Retrieval, Web Mining, Social Network Analysis, Association Networks, Clustering Validation, Model Evaluation, Overfitting, Underfitting, Data Cleaning, Data Preprocessing, Data Visualization, Data Warehousing, Data Integration"
Predictive Analysis,"Predictive Analysis, Fraud Detection, Risk Assessment, Customer Retention, Predictive Modeling, Data Analysis, Anomaly Detection, Credit Scoring, Predictive Analytics, Decision Support Systems, Pattern Recognition, Predictive Maintenance, Customer Segmentation, Customer Lifetime Value Prediction, Churn Prediction, Cross-Selling, Upselling, Market Basket Analysis, Recommendation Systems, Time Series Forecasting, Demand Forecasting, Sales Forecasting, Inventory Management, Supply Chain Optimization, Fraud Prevention, Fraud Analytics, Risk Management, Credit Risk Assessment, Fraudulent Transaction Detection, Insurance Claims Analysis, Anti-Money Laundering, Credit Card Fraud Detection, Fraud Score, Identity Theft Detection, Customer Behavior Analysis, Customer Satisfaction Prediction, Personalized Marketing, Retention Strategies, Loyalty Program Analysis, Customer Segmentation, Customer Profiling, Risk Score, Early Warning Systems, Credit Scoring Model, Customer Relationship Management, Campaign Optimization, Data Mining, Big Data Analytics, Data Visualization, Predictive Modeling, Predictive Analytics Software"
Chatbots,"Chatbots, Customer Service Bots, Virtual Health Assistants, Personal Shopping Bots, Natural Language Processing, Conversational AI, Natural Language Processing, NLP Algorithms, Text Generation, Intent Recognition, Dialogue Management, Context Awareness, Sentiment Analysis, Language Understanding, Voice Recognition, Speech Synthesis, Chatbot Platforms, Chatbot Development, Chatbot Integration, Chatbot Deployment, Rule-based Systems, Machine Learning Models, Chatbot Frameworks, Chatbot API, Multilingual Chatbot, Voice Assistants, Intelligent Virtual Agents, Virtual Customer Support, Automated Helpdesk, Intelligent Chat Interfaces, Personalized Recommendations, Chatbot Analytics, Chatbot Training, Chatbot Testing, Chatbot Optimization, Chatbot User Experience, Chatbot Security, Chatbot Conversations, Natural Language Understanding, Response Generation, Entity Recognition, Slot Filling, Chatbot Protocols, Conversational Interfaces, User Interaction, Chatbot User Interface, Chit-Chat Chatbots, Task-Oriented Chatbots, Voice User Interface, Conversational Design, Chatbot Datasets, Chatbot Evaluation, Conversational UX Design"
3D Printing,"3D Printing, 3-D Printing Additive Manufacturing, Rapid Prototyping, Digital Fabrication, Layer-by-Layer Printing, Stereolithography, Fused Deposition Modeling, Selective Laser Sintering, Powder Bed Fusion, Direct Metal Laser Sintering, Bioprinting, Tissue Engineering, Prosthetics, Orthotics, Dental Printing, Custom Implants, Surgical Guides, Drug Delivery Systems, Personalized Medicine, Automotive Manufacturing, Rapid Tooling, Spare Parts Production, Functional Prototypes, Concept Models, Architectural Models, Fashion Design, Jewelry Design, Artistic Sculptures, Education and Research, Aerospace Components, Electronics Printing, Microfabrication, Industrial Design, Robotics, Biofabrication, Food Manufacturing, Culinary Arts, Gastronomy, Customized Chocolates, Edible Structures, Cake Decoration, Cell Culture, Organ-on-a-Chip, Microfluidics, Regenerative Medicine, Biocompatible, Material Science, Quality Control, Post-Processing"
Smart Cities,"Smart Cities, Smart City, Intelligent Traffic Management, Smart Grid, Waste Management, Urban Planning, Sustainable Development, IoT Connectivity, Energy Efficiency, Renewable Energy, Electric Vehicle Infrastructure, Smart Lighting, Water Management, Sensor Network, Data Analytics, Real-time Monitoring, Predictive Maintenance, Citizen Engagement, Public Transportation, Intelligent Parking System, Smart Building, Smart Home, Environmental Monitoring, Air Quality Management, Noise Pollution Control, Green Space, Smart Infrastructure, Emergency Response Systems, Digital Signage, Smart Healthcare, E-Government, Smart Education, Community Services, Civic Tech, Smart Mobility, Intelligent Transportation Systems, Autonomous Vehicles, Traffic Congestion Management, Traffic Flow Optimization, Smart Sensor, Waste Recycling, Circular Economy, Smart Waste Collection, Waste Sorting, Smart Street Furniture, Urban Resilience, Climate Change Adaptation, Disaster Management, Smart Governance, Privacy and Security"
Regtech,"Regtech, Regulatory Reporting, Risk Management, Compliance Management, Regulatory Compliance, Regulatory Technology, Regulatory Framework, Regulatory Standards, Regulatory Compliance Solutions, Regulatory Compliance Software, Compliance Automation, Compliance Monitoring, Compliance Reporting, Compliance Audit, Regulatory Risk, Regulatory Compliance Management Systems, Compliance Policies, Compliance Controls, Compliance Training, Regulatory Intelligence, Regulatory Change Management, Regulatory Monitoring, Regulatory Compliance Consulting, Regulatory Compliance Assessments, Regulatory Compliance Audits, Compliance Tracking, Regulatory Compliance Reporting, Regulatory Compliance Tools, Regulatory Compliance Solutions, Regulatory Compliance Software, Regulatory Compliance Platforms, Regulatory Compliance Services, Regulatory Compliance Policies, Compliance Analytics, Regulatory Compliance Technology, Regulatory Compliance Monitoring, Regulatory Compliance Framework, Regulatory Compliance Strategies, Regulatory Compliance Assessment, Regulatory Compliance Consulting Services, Regulatory Compliance Management Tools, Regulatory Compliance Reporting Systems, Compliance Risk Management, Compliance Management Systems, Compliance Management Software, Compliance Management Platforms, Compliance Management Strategies"
Insurtech,"Insurtech, Peer-To-Peer Insurance, On-Demand Insurance, Micro-Insurance, Digital Insurance, Insurance Technology, Insurance Innovation, Insurance Disruption, Insurtech Startups, Insurtech Solutions, Insurance Platforms, Insurtech Ecosystem, Insurtech Companies, Insurance Apps, Insurtech Trends, Insurtech Investments, Insurtech Market, Insurtech Services, Insurtech Benefits, Insurtech Integration, Insurtech Partnerships, Insurtech Analytics, Insurtech Automation, Insurtech Claims Processing, Insurtech Underwriting, Insurtech Distribution, Insurtech Customer Experience, Insurtech Data Analytics, Insurtech Risk Management, Insurtech Regulation, Insurtech Compliance, Insurtech Artificial Intelligence, Insurtech Machine Learning, Insurtech Blockchain, Insurtech Internet of Things, Insurtech Telematics, Insurtech Chatbot, Insurtech Customer Engagement, Insurtech Personalization, Insurtech Data Security, Insurtech Fraud Detection, Insurtech Pricing, Insurtech Marketplaces, Insurtech Crowdsourcing, Insurtech Customer Acquisition, Insurtech Digital Marketing, Insurtech Robo-Advisors, Insurtech Claims Settlement, Insurtech Cybersecurity, Insurtech Predictive Analytics"
E-Commerce,"E-Commerce, Mobile Commerce, Social Commerce, Influencer Marketing, Online Shopping, Digital Payments, Virtual Stores, Online Marketplaces, Customer Experience, Omnichannel Retailing, E-Commerce Platform, Mobile Apps, E-Commerce Website, Shopping Carts, Product Catalogs, Payment Gateways, Secure Transactions, Order Fulfillment, Inventory Management, Customer Reviews, Personalization, Discounts and Promotions, Customer Support, Return and Refund Policies, Shipping and Delivery, E-Commerce Analytics, Conversion Optimization, Cross-Selling, Up-Selling, Affiliate Marketing, Content Marketing, Search Engine Optimization, Social Media Advertising, Email Marketing, Customer Retention, Subscription Services, E-Commerce Trends, User Experience, Responsive Design, A B Testing, Sales Funnel, Customer Segmentation, Loyalty Programs, Product Sourcing, Supply Chain Management, E-Commerce Regulation, Legal Compliance"
Serverless Computing,"Serverless Computing, AWS Lambda, Google Cloud Functions, Microsoft Azure Functions, Function as a Service, Event-driven Architecture, Scalability, Pay-per-Use, Stateless Functions, Microservices, Serverless Frameworks, Cloud Providers, Event Triggers, Function Deployment, Cold Start, Auto Scaling, Resource Provisioning, Function Orchestration, Event Sourcing, Serverless Security, Cloud Function Monitoring, API Gateway, Serverless Backend, Serverless Database, Vendor Lock-in, Function Composition, DevOps for Serverless, CI Pipeline, CD Pipeline, Performance Optimization, Fault Tolerance, Cloud Storage, Cloud Computing, Infrastructure Automation, Cost Optimization, Service Discovery, Load Balancing, Serverless Application, Function Scaling, Function Versioning, Function Invocation, Function Monitoring, Function Tracing, Cloud Function Analytics, Function Permissions, Function Testing, Serverless Workflows, Edge Computing, Function Lifecycles, Serverless Data Processing, Function Scheduling, Serverless Testing"
Software/Platform/Infrastructure as a Service,"Software as a Service, Platform as a Service, Infrastructure as a Service, Cloud Computing, Web Applications, Cloud Storage, Virtual Machines, Containers, Scalability, Elasticity, Multitenancy, Pay-as-you-go, On-demand Resources, Public Cloud, Private Cloud, Hybrid Cloud, Cloud Deployment Models, Cloud Service Provider, Service Level Agreement, Cloud Security, Data Privacy, Cloud Migration, Cloud Backup, Cloud Load Balancing, Cloud Monitoring, Cloud Governance, Cloud Orchestration, Cloud Management, Cloud Marketplace, Cloud Billing, Cloud Networking, Cloud Databases, Cloud Development Environment, Cloud APIs, Cloud Vendor Lock-in, Cloud Resource Pooling, Cloud Auto Scaling, Cloud Disaster Recovery, Cloud High Availability, Cloud Cost Optimization, Cloud Compliance, Cloud Identity and Access Management, Cloud Performance Testing, Cloud DevOps, Content Delivery Network, Cloud Encryption, Cloud File Sharing, Cloud Content Management, Cloud Collaboration, Cloud AI Services, Cloud IoT Services, Cloud Big Data Services, Cloud Serverless Computing, Cloud Edge Computing, Cloud Security as a Service, Cloud Database as a Service, Cloud Machine Learning Platform, Cloud Application Platform, Cloud Identity Platform, Cloud Integration Platform, Cloud IoT Platform, Cloud Analytics Platform, Cloud Blockchain Platform, Cloud Database Platform, Cloud Development Platform, Cloud AI Platform, Cloud Monitoring Platform, Cloud Automation Platform, Cloud Microservices Platform, Cloud Workflow Platform, Cloud Low-Code Platform, Cloud API Management Platform"
Web Applications,"Web Application, Front-end, Back-end, Client-side, Server-side, User Interface, User Experience, Responsive Design, Single-Page Application, Progressive Web App, Cross-platform, Web Development, Web Design, Web Framework, Content Management System, Application Programming Interface, Database, Web Hosting, Domain Name, Uniform Resource Locator, Hyperlink, Hypertext Transfer Protocol, Hypertext Transfer Protocol Secure, Cookies, Sessions, Authentication, Authorization, State Management, Representational State Transfer, Asynchronous JavaScript and XML, JavaScript Object Notation, eXtensible Markup Language, Cascading Style Sheets, Hypertext Markup Language, JavaScript, Node.js, PHP, Python, Ruby on Rails, ASP.NET, Java, Angular, React, Vue.js, Bootstrap, jQuery, Content Management Systems, Web Security, Open Web Application Security Project, SQL Injection, Cross-site Scripting, Cross-site Request Forgery, Content Delivery Network, Load Balancing, Web Application Firewall, Web Performance Optimization, Web Accessibility, Browser Compatibility, Web Standards, Web Usability, Web Analytics, AB Testing, Conversion Rate Optimization, Search Engine Optimization, Web Application Testing, Bug Tracking, Version Control, Web Deployment, Web Scalability, Web Maintenance, Web Prototyping, Web Responsive Design"